name,1960,1961,1962,1963,1964,1965,1966,1967,1968,1969,1970,1971,1972,1973,1974,1975,1976,1977,1978,1979,1980,1981,1982,1983,1984,1985,1986,1987,1988,1989,1990,1991,1992,1993,1994,1995,1996,1997,1998,1999,2000,2001,2002,2003,2004,2005,2006,2007,2008,2009,2010,2011,2012,2013,2014,2015,2016,2017,2018,2019
Afghanistan,,,34.46,33.87,33.31,32.76,32.2,31.68,31.14,30.58,30.03,29.48,28.93,28.36,27.78,27.2,26.62,26.01,25.4,24.78,24.15,23.51,22.86,22.22,21.58,20.93,20.29,19.64,19.01,18.38,17.77,17.17,16.59,16.04,15.52,15.03,14.56,14.12,13.69,13.28,12.87,12.46,12.04,11.63,11.21,10.79,10.37,9.95,9.54,9.14,8.76,8.39,8.03,7.68,7.36,7.04,6.76,6.49,6.25,6.03
Africa Eastern and Southern,,,,,,,22.50155476,22.35800309,21.72663799,21.59640017,21.46803703,21.32825946,21.18596476,21.04980156,20.91948822,20.78382287,20.64450718,20.80446363,20.60752048,20.36647947,20.11441657,19.82945702,19.5424247,19.25879196,18.9993528,18.76372764,18.55189936,18.35605335,18.16635411,17.97603192,16.47827929,16.31122511,16.14465804,15.98275272,15.95674135,15.65529567,15.27003456,14.99071016,14.65940303,14.18681491,13.69178151,13.16704217,12.61390847,12.06359927,11.52636319,11.00600547,10.51961851,10.02763803,9.53952283,9.05982173,8.62085875,8.21051874,7.835422845,7.499159745,7.199684099,6.928894686,6.66676139,6.434702472,6.211538711,6.009865884
Africa Western and Central,,,,,30.8353805,30.26209624,29.69769668,29.23834573,28.73247248,28.20976846,27.6558192,27.08868329,26.44360816,25.82149454,25.18175027,24.53529659,23.88409579,23.26551404,22.6503724,22.13595441,21.69937674,21.33552021,21.04841133,20.82597898,20.64225312,20.50014949,20.34675962,20.19991168,20.05711793,19.9128884,19.76418382,19.61599305,19.46631574,19.30719495,19.12058558,18.88380596,18.60103698,18.26338965,17.87524016,17.43546732,16.95484317,16.45338238,15.92519496,15.3916285,14.85773525,14.34173838,13.85026719,13.37694812,12.94883325,12.54504912,12.17832725,11.84426915,11.54987907,11.26679226,11.02644258,10.7765705,10.50555517,10.24306796,9.959878061,9.68142396
Albania,,,,,,,,,,,,,,,,,,,9.62,8.86,8.16,7.52,6.92,6.39,5.92,5.5,5.13,4.81,4.54,4.3,4.1,3.93,3.78,3.65,3.52,3.39,3.26,3.13,2.99,2.86,2.72,2.58,2.44,2.29,2.14,2,1.85,1.71,1.58,1.45,1.32,1.21,1.12,1.04,0.99,0.96,0.94,0.94,0.95,0.97
Algeria,24.05,24.1,24.2,24.32,24.42,24.53,24.64,24.66,24.61,24.41,24.02,23.52,22.89,22.14,21.31,20.38,19.41,18.41,17.36,16.24,14.96,13.49,11.89,10.26,8.73,7.46,6.52,5.86,5.42,5.13,4.95,4.81,4.7,4.59,4.48,4.36,4.25,4.16,4.08,4.03,3.97,3.89,3.78,3.65,3.51,3.36,3.21,3.08,2.95,2.84,2.74,2.67,2.62,2.58,2.55,2.52,2.48,2.43,2.38,2.33
Andorra,,,,,,,,,,,,,,,,,,,,,,,,,,1.71,1.62,1.54,1.45,1.37,1.3,1.23,1.16,1.11,1.05,0.99,0.94,0.89,0.85,0.81,0.77,0.73,0.69,0.66,0.63,0.6,0.57,0.54,0.51,0.49,0.46,0.44,0.41,0.39,0.37,0.35,0.34,0.32,0.31,0.3
Angola,,,,,,,,,,,,,,,,,,,,,23.73,23.46,23.19,22.92,22.71,22.55,22.43,22.34,22.28,22.23,22.22,22.21,22.21,22.23,22.19,22.12,21.97,21.7,21.35,20.92,20.39,19.78,19.09,18.32,17.46,16.56,15.62,14.68,13.74,12.86,12.03,11.23,10.5,9.86,9.3,8.82,8.42,8.06,7.77,7.47
Antigua and Barbuda,8.62,8.02,7.38,6.73,6.07,5.45,4.86,4.34,3.89,3.5,3.18,2.91,2.69,2.51,2.35,2.21,2.08,1.95,1.83,1.72,1.63,1.55,1.48,1.43,1.39,1.37,1.36,1.35,1.36,1.38,1.4,1.43,1.46,1.5,1.53,1.56,1.59,1.6,1.59,1.57,1.55,1.51,1.46,1.41,1.35,1.29,1.23,1.17,1.11,1.06,1,0.95,0.9,0.85,0.81,0.78,0.74,0.71,0.69,0.66
Arab World,,,,,,,,,,,,,,,,,,,,,,,,,,,,,,,8.048828009,7.806101223,7.578905408,7.364925235,7.160263791,6.959862697,6.761889713,6.570822426,6.379708531,6.193128122,6.007328476,5.821958305,5.637405353,5.460015583,5.284656094,5.115562655,4.944041226,4.768711439,4.591905109,4.421348946,4.267635229,4.135791038,4.026532631,3.925445241,3.832097727,3.75512591,3.675488354,3.59790097,3.535389557,3.46689263
Argentina,,,,,,,,,,7.25,7.18,7.08,6.96,6.81,6.6,6.33,5.98,5.57,5.12,4.68,4.28,3.94,3.65,3.41,3.21,3.06,2.96,2.91,2.89,2.89,2.86,2.81,2.73,2.63,2.52,2.41,2.31,2.21,2.12,2.04,1.96,1.9,1.83,1.77,1.71,1.65,1.61,1.57,1.53,1.49,1.44,1.39,1.33,1.27,1.21,1.15,1.09,1.03,0.98,0.93
Armenia,,,,,,,,,,,,,,,,,8.62,8.27,7.93,7.62,7.31,7.02,6.74,6.48,6.22,5.98,5.75,5.52,8.07,5.1,4.89,4.68,4.47,4.27,4.08,3.89,3.71,3.54,3.38,3.22,3.07,2.92,2.78,2.64,2.51,2.39,2.27,2.16,2.05,1.95,1.85,1.76,1.67,1.59,1.51,1.44,1.37,1.3,1.24,1.18
Australia,2.48,2.43,2.37,2.32,2.27,2.24,2.21,2.2,2.19,2.17,2.15,2.1,2.03,1.94,1.84,1.73,1.62,1.52,1.44,1.36,1.3,1.26,1.22,1.19,1.16,1.13,1.1,1.06,1.02,0.97,0.92,0.87,0.82,0.77,0.73,0.7,0.68,0.66,0.64,0.63,0.62,0.61,0.6,0.59,0.58,0.57,0.56,0.54,0.52,0.5,0.48,0.45,0.43,0.41,0.4,0.39,0.38,0.37,0.37,0.36
Austria,4.28,4.02,3.79,3.59,3.42,3.27,3.15,3.05,2.97,2.93,2.91,2.87,2.81,2.69,2.51,2.3,2.11,1.94,1.81,1.71,1.63,1.55,1.48,1.4,1.33,1.26,1.19,1.11,1.05,1,0.95,0.91,0.86,0.8,0.74,0.68,0.63,0.6,0.57,0.56,0.55,0.54,0.53,0.52,0.51,0.49,0.48,0.46,0.45,0.44,0.43,0.42,0.41,0.39,0.38,0.37,0.36,0.36,0.35,0.35
Azerbaijan,,,,,,,,,,,,,,,,,,,,,,,10.94,10.67,10.42,10.18,9.98,9.8,9.65,9.55,9.52,9.53,9.57,9.58,9.53,9.4,9.18,8.86,8.45,7.97,7.46,6.95,6.46,6,5.59,5.22,4.89,4.58,4.29,4.01,3.74,3.5,3.26,3.04,2.83,2.63,2.46,2.3,2.16,2.04
Bahamas,,,,,,,,,2.95,3,3.04,3.09,3.13,3.15,3.16,3.15,3.13,3.09,3.04,3,2.95,2.9,2.87,2.84,2.81,2.78,2.73,2.65,2.56,2.45,2.35,2.24,2.13,2.03,1.94,1.85,1.77,1.7,1.66,1.63,1.63,1.64,1.65,1.67,1.68,1.68,1.67,1.65,1.62,1.59,1.56,1.52,1.49,1.46,1.43,1.4,1.36,1.33,1.29,1.26
Bahrain,19.84,18.15,16.6,15.16,13.81,12.55,11.39,10.32,9.32,8.41,7.59,6.85,6.19,5.61,5.11,4.67,4.3,3.98,3.69,3.45,3.23,3.04,2.88,2.74,2.61,2.51,2.43,2.37,2.34,2.32,2.3,2.26,2.2,2.1,1.96,1.81,1.66,1.52,1.4,1.32,1.25,1.2,1.16,1.13,1.1,1.06,1.02,0.98,0.93,0.89,0.85,0.82,0.8,0.78,0.77,0.76,0.74,0.73,0.71,0.69
Bangladesh,26.02,25.38,24.78,24.23,23.75,23.33,22.99,22.73,22.52,22.38,22.28,22.19,22.11,22,21.86,21.66,21.39,21.07,20.7,20.29,19.86,19.4,18.93,18.43,17.9,17.35,16.77,16.17,15.57,14.98,14.38,13.79,13.19,12.6,12,11.42,10.84,10.27,9.71,9.17,8.65,8.16,7.7,7.27,6.86,6.47,6.11,5.77,5.45,5.15,4.87,4.61,4.38,4.16,3.95,3.75,3.57,3.39,3.23,3.08
Barbados,8.46,7.85,7.33,6.87,6.47,6.12,5.8,5.53,5.28,5.03,4.79,4.55,4.31,4.08,3.86,3.64,3.43,3.23,3.04,2.86,2.69,2.55,2.44,2.34,2.26,2.19,2.12,2.04,1.97,1.89,1.81,1.74,1.67,1.61,1.56,1.52,1.49,1.48,1.48,1.49,1.51,1.53,1.55,1.57,1.57,1.57,1.56,1.55,1.53,1.51,1.5,1.49,1.47,1.45,1.43,1.4,1.37,1.34,1.3,1.27
Belarus,,,,,,,,,,,,,,,,,,,,,2.11,2.02,1.94,1.88,1.82,1.76,1.7,1.64,1.59,1.54,1.52,1.52,1.53,1.55,1.57,1.56,1.55,1.51,1.45,1.37,1.27,1.18,1.08,1,0.92,0.85,0.78,0.72,0.66,0.6,0.55,0.51,0.48,0.45,0.43,0.4,0.38,0.36,0.34,0.32
Belgium,3.38,3.24,3.12,3,2.89,2.79,2.7,2.62,2.55,2.48,2.4,2.31,2.19,2.08,1.96,1.85,1.76,1.67,1.59,1.52,1.46,1.39,1.33,1.27,1.22,1.17,1.14,1.1,1.07,1.03,1,0.97,0.93,0.88,0.82,0.76,0.71,0.67,0.63,0.6,0.58,0.56,0.54,0.52,0.51,0.49,0.48,0.47,0.46,0.46,0.45,0.44,0.43,0.42,0.41,0.39,0.38,0.37,0.35,0.34
Belize,,,,,,,,11.01,10.55,10.1,9.65,9.23,8.86,8.51,8.16,7.84,7.53,7.24,6.97,6.71,6.46,6.2,5.95,5.69,5.43,5.17,4.89,4.62,4.35,4.08,3.83,3.59,3.38,3.19,3.03,2.88,2.76,2.64,2.54,2.44,2.36,2.28,2.22,2.17,2.13,2.09,2.06,2.02,1.99,1.94,1.89,1.83,1.77,1.69,1.61,1.53,1.45,1.37,1.3,1.23
Benin,31.09,30.6,30.1,29.59,29.07,28.55,28.04,27.56,27.1,26.65,26.22,25.79,25.35,24.88,24.38,23.87,23.34,22.83,22.34,21.88,21.44,21.04,20.64,20.26,19.89,19.51,19.13,18.74,18.33,17.93,17.51,17.09,16.67,16.27,15.89,15.54,15.2,14.88,14.54,14.22,13.88,13.54,13.21,12.88,12.57,12.28,12.01,11.76,11.53,11.3,11.08,10.86,10.63,10.4,10.18,9.96,9.74,9.51,9.28,9.03
Bhutan,,,,,,,,,,28.09,27.2,26.37,25.57,24.75,23.94,23.13,22.37,21.62,20.87,20.14,19.38,18.64,17.91,17.2,16.5,15.81,15.16,14.52,13.89,13.28,12.7,12.15,11.6,11.08,10.57,10.07,9.56,9.08,8.61,8.15,7.71,7.28,6.88,6.48,6.11,5.74,5.39,5.07,4.76,4.48,4.22,3.99,3.79,3.61,3.46,3.31,3.18,3.06,2.96,2.85
Bolivia,28.79,28.18,27.59,26.99,26.4,25.79,25.18,24.57,23.97,23.36,22.73,22.12,21.49,20.86,20.23,19.59,18.97,18.38,17.82,17.3,16.81,16.35,15.91,15.47,15.03,14.58,14.1,13.62,13.13,12.64,12.15,11.68,11.21,10.74,10.28,9.83,9.37,8.91,8.45,8,7.55,7.12,6.71,6.32,5.95,5.6,5.27,4.95,4.66,4.39,4.13,3.89,3.67,3.46,3.27,3.1,2.95,2.82,2.7,2.6
Bosnia and Herzegovina,,,,,,,,,,,,,,,,,,,,,,,,,2.93,2.7,2.49,2.3,2.12,1.96,1.81,1.68,1.8,1.75,1.48,1.41,1.22,1.15,1.09,1.03,0.99,0.96,0.93,0.92,0.9,0.89,0.86,0.83,0.79,0.75,0.72,0.69,0.67,0.65,0.64,0.63,0.62,0.61,0.6,0.59
Botswana,16.76,16.27,15.77,15.31,14.86,14.47,14.07,13.68,13.28,12.84,12.39,11.93,11.44,10.95,10.43,9.91,9.36,8.81,8.27,7.76,7.31,6.9,6.52,6.19,5.87,5.56,5.28,5.03,4.84,4.76,4.84,5.06,5.41,5.85,6.32,6.8,6.69,6.96,7.1,7.05,6.93,6.58,6.16,5.77,5.32,4.65,4.02,3.74,3.67,3.56,3.51,3.71,3.73,3.74,3.88,4.12,4.36,4.38,4.3,4.16
Brazil,16.89,16.41,15.97,15.55,15.17,14.82,14.5,14.19,13.89,13.58,13.25,12.91,12.57,12.23,11.89,11.56,11.22,10.85,10.46,10.04,9.61,9.18,8.76,8.37,8.02,7.69,7.39,7.1,6.83,6.56,6.29,6.01,5.71,5.4,5.09,4.78,4.48,4.2,3.94,3.7,3.46,3.24,3.03,2.83,2.64,2.47,2.32,2.18,2.06,1.96,1.87,1.79,1.73,1.67,1.62,1.57,1.64,1.48,1.44,1.39
Brunei,12.24,11.01,9.85,8.82,7.97,7.3,6.8,6.41,6.07,5.75,5.4,5,4.59,4.17,3.76,3.38,3.05,2.75,2.49,2.26,2.07,1.9,1.76,1.65,1.55,1.48,1.42,1.38,1.35,1.33,1.33,1.33,1.32,1.31,1.28,1.24,1.2,1.15,1.11,1.07,1.03,1,0.98,0.97,0.96,0.95,0.95,0.95,0.95,0.96,0.97,0.98,1,1.02,1.04,1.06,1.08,1.1,1.12,1.14
Bulgaria,5.53,4.89,4.42,4.09,3.86,3.74,3.69,3.67,3.58,3.41,3.22,3.09,3.02,2.96,2.91,2.86,2.8,2.72,2.61,2.49,2.38,2.29,2.22,2.15,2.07,1.98,1.88,1.79,1.76,1.79,1.84,1.89,1.92,1.93,1.92,1.91,1.92,1.93,1.91,1.83,1.74,1.67,1.6,1.52,1.42,1.33,1.24,1.18,1.14,1.11,1.09,1.04,0.99,0.92,0.86,0.81,0.77,0.74,0.7,0.67
Burkina Faso,34.29,33.91,33.53,33.16,32.84,32.55,32.34,32.09,31.88,31.67,31.42,31.13,30.71,30.1,29.29,28.34,27.28,26.26,25.33,24.52,23.84,23.28,22.77,22.32,21.87,21.44,20.97,20.56,20.23,20,19.85,19.8,19.77,19.74,19.66,19.5,19.25,18.94,18.61,18.27,17.92,17.51,17.07,16.56,15.98,15.34,14.66,13.97,13.32,12.72,12.17,11.69,11.25,10.83,10.44,10.07,9.7,9.39,9.07,8.75
Burundi,,,,,23.97,24.15,24.34,24.52,24.67,24.77,24.81,24.87,24.91,24.98,25.01,25.04,24.94,24.64,24.11,23.4,22.49,21.48,20.43,19.39,18.46,17.78,17.32,17.11,17.09,17.23,17.43,17.63,17.77,17.81,17.76,17.59,17.33,16.99,16.54,16.05,15.52,14.96,14.38,13.79,13.14,12.44,11.72,10.98,10.3,9.66,9.06,8.5,7.98,7.52,7.09,6.72,6.41,6.13,5.88,5.65
Cambodia,,,,,,,,,,,,,,,,30.78,28.43,26.02,23.36,20.61,18,15.73,13.99,12.9,12.29,11.96,11.76,11.66,11.61,11.6,11.59,11.59,11.62,11.7,11.8,11.91,11.98,11.96,11.76,11.35,10.63,9.67,8.67,7.79,7.08,6.48,5.99,5.56,5.15,4.77,4.4,4.06,3.77,3.53,3.33,3.16,3.01,2.88,2.76,2.66
Cameroon,27.62,27.02,26.53,26.08,25.59,25.03,24.36,23.58,22.72,21.85,21.01,20.28,19.71,19.31,19.06,18.92,18.82,18.69,18.49,18.2,17.79,17.28,16.69,16.05,15.41,14.81,14.29,13.9,13.64,13.53,13.57,13.72,13.95,14.2,14.43,14.6,14.71,14.76,14.71,14.57,14.34,14.05,13.72,13.37,13.03,12.72,12.41,12.09,11.76,11.43,11.01,10.59,10.17,9.72,9.29,8.85,8.45,8.08,7.75,7.48
Canada,3.26,3.15,3.05,2.94,2.82,2.71,2.6,2.5,2.4,2.3,2.2,2.1,1.99,1.89,1.79,1.7,1.6,1.51,1.42,1.33,1.25,1.18,1.12,1.06,1.01,0.98,0.94,0.91,0.88,0.85,0.82,0.8,0.77,0.74,0.72,0.69,0.67,0.65,0.64,0.63,0.62,0.62,0.61,0.61,0.61,0.61,0.6,0.59,0.58,0.57,0.56,0.56,0.55,0.54,0.54,0.53,0.52,0.51,0.5,0.49
Cape Verde,18.11,17.88,17.65,17.39,17.11,16.79,16.39,15.99,15.51,14.97,14.38,13.76,13.11,12.45,11.8,11.18,10.6,10.09,9.65,9.29,9.02,8.82,8.65,8.48,8.26,7.96,7.57,7.13,6.71,6.33,6.05,5.88,5.8,5.78,5.75,5.66,5.45,5.12,4.7,4.24,3.81,3.45,3.17,2.98,2.87,2.81,2.79,2.77,2.75,2.7,2.63,2.52,2.39,2.25,2.1,1.95,1.81,1.68,1.58,1.49
Caribbean Small States,,,,,,,,,,,,,,,,,,,,,,,,,,,,,,,3.487066419,3.389538603,3.294207984,3.202683371,3.11316482,3.02617279,2.94711468,2.871742947,2.798640392,2.731067118,2.668043488,2.607407089,2.55203313,2.500073302,2.448816361,2.403381463,2.358504851,2.313029257,2.266791682,2.217201272,2.165641647,2.111840564,2.062433435,2.008742147,1.956045236,1.894872831,1.842019562,1.786818017,1.735797697,1.683266427
Central African Republic,28.31,27.75,27.23,26.65,26.04,25.42,24.78,24.16,23.52,22.91,22.33,21.81,21.32,20.88,20.45,20.08,19.71,19.37,19.05,18.77,18.52,18.29,18.11,17.98,17.88,17.78,17.7,17.62,17.6,17.64,17.68,17.68,17.66,17.59,17.52,17.45,17.38,17.29,17.2,17.09,16.98,16.84,16.7,16.56,16.42,16.26,16.04,15.79,15.5,15.14,14.76,14.34,13.94,13.58,13.14,12.67,12.16,11.75,11.42,11.01
Central Europe and the Baltics,,,,,,,,,,,,,,,,,,,,,,,,,,,,,,,1.939519495,1.875486759,1.823938803,1.76647135,1.698773534,1.624786298,1.547382358,1.469014245,1.383189195,1.297194582,1.21947113,1.162685874,1.122882419,1.086666951,1.042100388,0.991022415,0.929478748,0.870445358,0.8160208,0.768835518,0.73407657,0.698783021,0.66508805,0.632614862,0.600312516,0.570451049,0.547863357,0.527121453,0.502575226,0.482100416
Chad,,,,,,,,,,,,,25.16,25.01,24.86,24.74,24.61,24.46,24.31,24.14,23.93,23.72,23.48,23.22,22.95,22.67,22.38,22.09,21.8,21.51,21.21,20.92,20.64,20.39,20.14,19.91,19.68,19.43,19.15,18.84,18.51,18.17,17.84,17.51,17.16,16.81,16.44,16.06,15.67,15.26,14.86,14.45,14.07,13.68,13.31,12.94,12.56,12.15,11.77,11.38
Chile,15.71,14.84,14.19,13.56,12.69,11.55,10.39,9.4,8.67,8.21,7.99,7.88,7.77,7.55,7.11,6.44,5.66,4.88,4.19,3.67,3.3,2.99,2.71,2.46,2.3,2.24,2.22,2.19,2.14,2.04,1.91,1.76,1.62,1.5,1.39,1.31,1.25,1.22,1.19,1.15,1.09,1.03,0.98,0.95,0.93,0.91,0.9,0.89,0.89,0.88,0.87,0.85,0.84,0.83,0.81,0.79,0.77,0.74,0.72,0.7
China,,,,,,,,,,11.76,11.18,10.62,10.07,9.53,8.98,8.43,7.9,7.4,6.95,6.56,6.22,5.95,5.73,5.57,5.46,5.4,5.38,5.38,5.39,5.4,5.38,5.32,5.23,5.09,4.92,4.74,4.55,4.35,4.14,3.92,3.68,3.42,3.15,2.88,2.63,2.4,2.19,2.01,1.85,1.71,1.58,1.46,1.35,1.25,1.16,1.07,0.99,0.92,0.85,0.79
Colombia,13.52,13.07,12.64,12.24,11.85,11.5,11.16,10.82,10.48,10.13,9.77,9.41,9.04,8.66,8.26,7.84,7.41,6.98,6.55,6.14,5.76,5.4,5.07,4.77,4.51,4.27,4.07,3.9,3.75,3.62,3.51,3.39,3.28,3.18,3.07,2.96,2.86,2.76,2.66,2.57,2.49,2.41,2.34,2.27,2.21,2.15,2.08,2.02,1.96,1.9,1.84,1.78,1.72,1.67,1.61,1.56,1.51,1.47,1.42,1.38
Comoros,,,,,,,,,,,22.61,22.1,21.6,21.14,20.66,20.18,19.66,19.12,18.59,18.01,17.43,16.85,16.26,15.71,15.16,14.64,14.14,13.68,13.25,12.83,12.44,12.05,11.67,11.3,10.98,10.72,10.52,10.33,10.2,10.11,10.04,9.99,9.96,9.9,9.8,9.63,9.42,9.18,8.94,8.69,8.44,8.16,7.91,7.68,7.43,7.19,6.95,6.73,6.51,6.29
Congo,18.26,17.85,17.46,17.08,16.67,16.24,15.78,15.34,14.91,14.51,14.11,13.75,13.38,13.05,12.69,12.37,12.06,11.76,11.48,11.17,10.87,10.57,10.27,9.97,9.68,9.41,9.19,9.03,8.96,8.96,9.04,9.19,9.42,9.72,10.07,10.44,10.82,11.17,11.43,11.52,11.4,11.09,10.6,9.99,9.29,8.59,7.93,7.35,6.86,6.49,6.22,6.03,5.88,5.74,5.59,5.42,5.26,5.09,4.93,4.78
Costa Rica,9.59,9.35,9.27,9.23,9.17,9.03,8.79,8.49,8.17,7.85,7.48,7.01,6.45,5.83,5.18,4.54,3.93,3.39,2.96,2.65,2.44,2.34,2.29,2.27,2.25,2.2,2.11,2,1.88,1.78,1.69,1.61,1.56,1.53,1.5,1.48,1.47,1.44,1.41,1.36,1.31,1.26,1.21,1.18,1.15,1.13,1.12,1.11,1.09,1.07,1.05,1.02,0.99,0.96,0.93,0.9,0.89,0.88,0.87,0.86
Cote d'Ivoire,31.65,30.86,30.08,29.34,28.61,27.89,27.18,26.47,25.76,25.06,24.35,23.6,22.82,21.99,21.13,20.26,19.42,18.64,17.93,17.33,16.82,16.41,16.06,15.78,15.57,15.41,15.29,15.22,15.19,15.2,15.23,15.25,15.28,15.29,15.27,15.2,15.09,14.93,14.73,14.5,14.23,13.91,13.59,13.25,12.9,12.53,12.17,11.81,11.42,11,10.64,10.32,10.02,9.69,9.36,9.06,8.8,8.53,8.24,7.93
Croatia,,,,,,,,,,,,,,,,,,,,,,2.36,2.21,2.08,1.95,1.82,1.7,1.58,1.47,1.37,1.28,1.2,1.14,1.08,1.04,1,0.96,0.93,0.89,0.86,0.83,0.8,0.77,0.74,0.7,0.67,0.64,0.61,0.59,0.57,0.55,0.53,0.52,0.51,0.5,0.49,0.49,0.49,0.48,0.48
Cuba,5.46,5.27,5.08,4.89,4.71,4.53,4.36,4.18,4.01,3.84,3.67,3.5,3.34,3.17,3.02,2.86,2.72,2.58,2.45,2.33,2.21,2.1,2,1.9,1.81,1.72,1.64,1.56,1.49,1.42,1.35,1.29,1.23,1.17,1.12,1.08,1.03,0.99,0.95,0.91,0.88,0.84,0.81,0.78,0.76,0.73,0.71,0.69,0.67,0.65,0.63,0.61,0.6,0.58,0.57,0.56,0.55,0.53,0.52,0.51
Cyprus,,,,,,,,,,,,3.82,3.54,3.3,3.04,2.76,2.49,2.25,2.07,1.95,1.88,1.82,1.74,1.62,1.48,1.34,1.23,1.15,1.13,1.13,1.12,1.1,1.07,1.01,0.96,0.9,0.85,0.8,0.75,0.7,0.66,0.62,0.59,0.55,0.52,0.49,0.46,0.43,0.4,0.38,0.35,0.33,0.32,0.3,0.29,0.27,0.26,0.25,0.24,0.23
Czechia,,,,,,,,,,,,,,,,,,,,,,1.54,1.5,1.47,1.44,1.42,1.38,1.34,1.3,1.26,1.22,1.16,1.1,1.02,0.94,0.85,0.77,0.7,0.64,0.59,0.55,0.52,0.5,0.48,0.46,0.43,0.41,0.39,0.37,0.35,0.34,0.33,0.32,0.31,0.31,0.32,0.32,0.32,0.32,0.32
Democratic Republic of Congo,,,,,,,,,,25.07,24.77,24.44,24.11,23.74,23.38,22.99,22.61,22.25,21.89,21.54,21.18,20.83,20.52,20.22,19.95,19.7,19.45,19.21,18.99,18.77,18.54,18.32,18.11,17.91,17.72,17.51,17.28,17.02,16.71,16.35,15.95,15.52,15.07,14.61,14.13,13.67,13.2,12.75,12.31,11.89,11.48,11.09,10.73,10.38,10.04,9.72,9.39,9.08,8.76,8.48
Denmark,2.5,2.45,2.38,2.3,2.21,2.11,2,1.9,1.81,1.74,1.66,1.58,1.49,1.39,1.31,1.23,1.16,1.11,1.06,1.03,1,0.97,0.96,0.95,0.96,0.96,0.97,0.97,0.96,0.94,0.9,0.84,0.79,0.73,0.69,0.65,0.62,0.6,0.59,0.58,0.57,0.56,0.55,0.54,0.52,0.5,0.48,0.45,0.44,0.42,0.41,0.41,0.41,0.41,0.41,0.41,0.41,0.4,0.39,0.38
Djibouti,,,,,,,,,,,,,,,,,17.32,16.81,16.34,15.88,15.43,14.99,14.57,14.17,13.76,13.36,12.99,12.65,12.33,12.06,11.79,11.58,11.39,11.23,11.1,10.98,10.84,10.68,10.52,10.33,10.11,9.88,9.64,9.38,9.13,8.87,8.62,8.37,8.12,7.88,7.64,7.41,7.18,6.96,6.75,6.53,6.32,6.13,5.93,5.75
Dominica,13.8,12.56,11.44,10.41,9.48,8.63,7.87,7.17,6.54,5.97,5.45,4.99,4.56,4.19,3.85,3.54,3.27,3.03,2.81,2.62,2.46,2.31,2.18,2.07,1.98,1.9,1.83,1.77,1.72,1.68,1.65,1.62,1.6,1.59,1.59,1.59,1.6,1.61,1.64,1.66,1.7,1.74,1.78,1.84,1.9,1.97,2.05,2.13,2.23,2.33,2.45,2.57,2.69,2.82,2.96,3.09,3.21,3.32,3.4,3.47
Dominican Republic,14.77,14.64,14.48,14.27,14.04,13.77,13.5,13.22,12.94,12.65,12.35,12.01,11.66,11.27,10.88,10.48,10.1,9.72,9.36,9.02,8.69,8.38,8.08,7.79,7.51,7.24,6.98,6.73,6.48,6.24,6,5.77,5.53,5.31,5.09,4.88,4.68,4.5,4.34,4.2,4.07,3.96,3.87,3.78,3.71,3.65,3.6,3.55,3.5,3.45,3.41,3.37,3.33,3.27,3.21,3.13,3.05,2.97,2.88,2.8
Early-demographic dividend,,,,,,,,,,,,,,,,,,,,,,,,,,,,,,,10.88929909,10.57980325,10.28581894,9.999747137,9.748621088,9.444044024,9.121625134,8.825445015,8.530437911,8.203873644,7.881799548,7.57007016,7.260350273,6.966858424,6.72663019,6.405945524,6.138612225,5.868847029,5.636102238,5.336299521,5.131789866,4.838615846,4.612745398,4.405228348,4.207655526,4.027235301,3.854734642,3.690962381,3.540070285,3.397892772
East Asia & Pacific,,,,,,,,,,,,,,,,,,,,,,,,,,,,,,,5.67,5.56,5.42,5.25,5.08,4.9,4.72,4.54,4.35,4.15,3.94,3.73,3.51,3.3,3.19,2.91,2.74,2.58,2.51,2.31,2.19,2.07,1.97,1.87,1.78,1.7,1.62,1.55,1.49,1.43
East Asia & Pacific (IDA & IBRD),,,,,,,,,,,,,,,,,,,,,,,,,,,,,,,5.988839037,5.866613619,5.726087746,5.553191068,5.365612035,5.172750679,4.977884798,4.78023978,4.579730394,4.378110823,4.163677411,3.938523195,3.707993901,3.480711567,3.369850562,3.068197691,2.883240317,2.717302264,2.638429122,2.427190341,2.299076623,2.179077734,2.068111383,1.966344494,1.872868654,1.783643314,1.701390516,1.627953155,1.55723458,1.493645833
East Asia & Pacific (excluding high income),,,,,,,,,,,,,,,,,,,,,,,,,,,,,,,5.970493504,5.854830735,5.723053455,5.560641742,5.384442038,5.201740714,5.014050386,4.81939067,4.617791222,4.411157334,4.189169579,3.955957974,3.718267673,3.486115547,3.371528721,3.071113083,2.887619014,2.723334863,2.644804807,2.434995927,2.306559649,2.18584887,2.073871993,1.971349497,1.877142735,1.787485045,1.704951092,1.631242416,1.560456944,1.496584221
Ecuador,17.57,17.04,16.54,16.07,15.63,15.23,14.87,14.56,14.26,13.99,13.7,13.37,12.99,12.54,12.03,11.5,10.98,10.51,10.05,9.61,9.16,8.71,8.25,7.79,7.34,6.93,6.56,6.22,5.92,5.63,5.36,5.1,4.83,4.56,4.29,4.02,3.76,3.51,3.28,3.07,2.89,2.73,2.59,2.48,2.37,2.27,2.18,2.09,2,1.91,1.83,1.75,1.67,1.61,1.55,1.51,1.48,1.45,1.43,1.4
Egypt,31.6,30.62,29.63,28.64,27.72,26.89,26.2,25.65,25.2,24.84,24.51,24.15,23.72,23.17,22.47,21.61,20.67,19.67,18.68,17.72,16.77,15.82,14.85,13.86,12.85,11.86,10.96,10.19,9.54,9,8.55,8.14,7.73,7.31,6.88,6.46,6.04,5.65,5.29,4.96,4.66,4.39,4.15,3.94,3.75,3.58,3.43,3.28,3.14,3,2.88,2.75,2.64,2.53,2.43,2.34,2.26,2.17,2.1,2.03
El Salvador,18.47,18.08,17.71,17.33,16.99,16.65,16.32,16,15.68,15.36,15.03,14.7,14.37,14,13.6,13.18,12.73,12.24,11.75,11.24,10.7,10.15,9.59,9.04,8.5,7.98,7.51,7.07,6.67,6.3,5.96,5.63,5.32,5.02,4.73,4.45,4.18,3.93,3.69,3.47,3.28,3.1,2.93,2.77,2.62,2.48,2.35,2.23,2.12,2.02,1.92,1.83,1.74,1.67,1.59,1.53,1.47,1.42,1.37,1.33
Equatorial Guinea,,,,,,,,,,,,,,,,,,,,,,,19.8,19.41,19.03,18.7,18.43,18.23,18.05,17.91,17.77,17.65,17.52,17.39,17.27,17.13,16.95,16.71,16.4,16.04,15.63,15.21,14.77,14.33,13.88,13.43,12.97,12.49,12.03,11.58,11.17,10.79,10.42,10.07,9.74,9.4,9.08,8.77,8.47,8.18
Eritrea,,,,,,,,,,,,,,,21.57,21.11,20.66,20.25,19.87,19.56,19.27,19,18.71,18.42,18.12,17.77,17.38,16.96,16.47,15.91,15.27,14.57,13.81,13.01,12.22,11.44,10.72,10.07,9.5,8.99,8.54,8.12,7.74,7.39,7.06,6.76,6.47,6.2,5.95,5.73,5.52,5.32,5.13,4.95,4.79,4.63,4.48,4.33,4.19,4.05
Estonia,,,,,,,,,,,,,,,,,,,,,2.25,2.17,2.09,2.02,1.95,1.9,1.86,1.83,1.8,1.78,1.77,1.75,1.73,1.69,1.64,1.56,1.47,1.38,1.28,1.19,1.09,1.01,0.92,0.85,0.78,0.71,0.65,0.59,0.54,0.5,0.46,0.42,0.39,0.36,0.34,0.31,0.29,0.27,0.26,0.24
Eswatini,20.93,20.59,20.22,19.88,19.49,19.09,18.66,18.24,17.83,17.39,16.94,16.44,15.92,15.35,14.76,14.16,13.56,12.96,12.41,11.86,11.32,10.77,10.21,9.64,9.1,8.57,8.07,7.63,7.25,6.94,6.74,6.7,6.85,7.22,7.74,8.37,8.96,9.54,10.06,10.53,10.97,11.28,11.46,11.6,11.67,11.67,10.88,10.49,10.3,9.67,8.66,7.7,7.1,6.8,6.69,5.92,5.89,6.23,5.53,4.94
Ethiopia,,,,,,,24.61,24.59,24.53,24.5,24.48,24.42,24.39,24.35,24.33,24.31,24.26,24.21,24.14,24.02,23.83,23.57,23.24,22.86,22.45,22.04,21.63,21.24,20.84,20.43,19.99,19.52,18.99,18.4,17.75,17.09,16.44,15.81,15.21,14.62,14.03,13.43,12.8,12.16,11.52,10.88,10.28,9.71,9.17,8.67,8.2,7.76,7.34,6.95,6.58,6.22,5.89,5.58,5.31,5.07
Euro area,,,,,,,,,,,,,,,,,,,,,,,,,,,,,,,0.957854684,0.9163526,0.874155899,0.826192326,0.777300883,0.730017497,0.687781755,0.651365035,0.623934644,0.600017876,0.580203626,0.557313645,0.53749771,0.517885378,0.499653786,0.48168058,0.465273862,0.452311954,0.438293565,0.430179884,0.419695455,0.409294647,0.401630476,0.394125792,0.38806767,0.382806395,0.380736417,0.380137847,0.378616515,0.374136622
Europe & Central Asia,,,,,,,,,,,,,,,,,,,,,,,,,,,,,,,3.07,3.01,2.96,2.91,2.83,2.74,2.64,2.52,2.39,2.27,2.14,2.01,1.89,1.77,1.67,1.57,1.48,1.4,1.32,1.26,1.2,1.15,1.1,1.06,1.01,0.97,0.92,0.88,0.84,0.81
Europe & Central Asia (IDA & IBRD),,,,,,,,,,,,,,,,,,,,,,,,,,,,,,,4.425357946,4.388640925,4.383212562,4.365188481,4.316328081,4.232105038,4.108418108,3.948083266,3.766540347,3.571703138,3.364800539,3.159643555,2.956606845,2.760620213,2.581922424,2.411092753,2.252910204,2.110583397,1.984737554,1.871439666,1.771646602,1.681808456,1.596127292,1.520070074,1.437340437,1.359754422,1.285055998,1.220153818,1.159502273,1.107249
Europe & Central Asia (excluding high income),,,,,,,,,,,,,,,,,,,,,,,,,,,,,,,4.667655501,4.633917953,4.634438654,4.62068959,4.572875453,4.486556489,4.358702884,4.190349935,3.997609821,3.787244183,3.563792607,3.342127129,3.123520836,2.913116227,2.722378438,2.53974136,2.371305895,2.219542767,2.084991772,1.964283392,1.857287186,1.761101968,1.669678759,1.588437489,1.500580895,1.418663854,1.339489513,1.270929649,1.207006787,1.151977984
European Union,,,,,,,,,,,,,,,,,,,,,,,,,,,,,,,1.225254646,1.16782461,1.113881549,1.055260704,0.995700362,0.937298186,0.882399782,0.832479702,0.788185528,0.747495828,0.712940937,0.682036847,0.65795996,0.635520461,0.612291692,0.588245849,0.562899049,0.54000653,0.517736981,0.500989509,0.485605679,0.469842464,0.456861416,0.443765285,0.431982151,0.421626786,0.415052284,0.409814629,0.40323241,0.395028179
Fiji,7.72,7.39,7.09,6.82,6.58,6.38,6.2,6.05,5.93,5.83,5.76,5.7,5.64,5.58,5.5,5.38,5.24,5.07,4.87,4.65,4.43,4.21,4,3.82,3.65,3.5,3.37,3.24,3.12,3,2.89,2.78,2.69,2.6,2.53,2.47,2.42,2.38,2.34,2.3,2.27,2.25,2.24,2.24,2.26,2.3,2.33,2.36,2.37,2.37,2.37,2.36,2.36,2.37,2.4,2.43,2.47,2.52,2.56,2.57
Finland,2.68,2.52,2.38,2.25,2.13,2.02,1.93,1.84,1.76,1.68,1.61,1.54,1.46,1.39,1.31,1.23,1.15,1.06,0.99,0.92,0.87,0.82,0.79,0.76,0.74,0.73,0.73,0.72,0.71,0.7,0.67,0.64,0.61,0.58,0.54,0.52,0.49,0.47,0.46,0.44,0.43,0.42,0.41,0.4,0.39,0.38,0.36,0.35,0.33,0.32,0.3,0.29,0.27,0.26,0.26,0.25,0.24,0.24,0.24,0.24
Fragile and conflict affected situations,,,,,,,,,,,,,,,,,,,,,,,,,,,,,,,16.82392143,16.64612369,16.45901977,16.25641862,16.02843326,15.76387142,15.46951333,15.14073719,14.78074202,14.40755628,13.98669675,13.5700471,13.13686579,12.70393285,12.26817656,11.845878,11.43876154,11.03774829,10.74658352,10.31163237,10.1213857,9.689263023,9.418432765,9.164446132,8.940108269,8.716931051,8.502220521,8.282369318,8.055794313,7.836610957
France,2.85,2.7,2.57,2.45,2.34,2.23,2.14,2.06,1.99,1.91,1.82,1.74,1.66,1.6,1.54,1.49,1.45,1.39,1.34,1.28,1.24,1.19,1.15,1.11,1.07,1.04,1.01,0.98,0.96,0.93,0.9,0.86,0.81,0.75,0.7,0.65,0.61,0.58,0.56,0.55,0.54,0.52,0.51,0.49,0.47,0.46,0.45,0.44,0.43,0.43,0.43,0.42,0.42,0.41,0.41,0.41,0.42,0.43,0.44,0.45
Gabon,,,,,,,,,,,,,,,,,,,12.66,12.22,11.78,11.36,10.96,10.61,10.3,10.01,9.78,9.57,9.41,9.29,9.17,9.09,9.01,8.94,8.88,8.83,8.78,8.72,8.65,8.54,8.4,8.23,8.05,7.86,7.65,7.43,7.22,6.96,6.69,6.43,6.16,5.92,5.69,5.46,5.23,4.98,4.7,4.51,4.36,4.25
Gambia,36.03,35.35,34.73,34.11,33.49,32.83,32.22,31.59,31,30.37,29.75,29.1,28.44,27.78,27.12,26.45,25.79,25.13,24.5,23.87,23.24,22.61,21.95,21.29,20.6,19.92,19.24,18.59,17.95,17.33,16.74,16.16,15.59,15.02,14.45,13.89,13.32,12.78,12.25,11.74,11.25,10.78,10.32,9.87,9.44,9.03,8.64,8.27,7.92,7.6,7.29,7,6.73,6.48,6.23,6,5.78,5.57,5.37,5.17
Georgia,,,,,,,,,,,,,,,,7.09,6.83,6.58,6.35,6.12,5.89,5.68,5.48,5.31,5.15,5.03,4.94,4.88,4.84,4.8,4.77,4.74,4.71,4.66,4.6,4.52,4.4,4.26,4.09,3.89,3.66,3.41,3.15,2.88,2.62,2.36,2.12,1.91,1.72,1.55,1.42,1.3,1.21,1.14,1.09,1.05,1.02,1,0.98,0.96
Germany,,,,,,,,,2.72,2.64,2.57,2.49,2.4,2.31,2.2,2.08,1.95,1.83,1.71,1.6,1.5,1.41,1.32,1.25,1.18,1.11,1.06,1,0.95,0.9,0.85,0.8,0.76,0.72,0.68,0.65,0.62,0.59,0.57,0.55,0.54,0.52,0.51,0.5,0.49,0.47,0.46,0.45,0.44,0.43,0.42,0.41,0.4,0.4,0.39,0.39,0.39,0.39,0.39,0.38
Ghana,20.88,20.68,20.52,20.4,20.32,20.28,20.28,20.29,20.3,20.29,20.23,20.08,19.86,19.54,19.13,18.65,18.13,17.64,17.23,16.91,16.68,16.52,16.37,16.17,15.87,15.47,14.97,14.4,13.81,13.23,12.72,12.3,11.98,11.74,11.56,11.4,11.21,10.98,10.68,10.32,9.94,9.54,9.16,8.82,8.54,8.29,8.05,7.8,7.53,7.23,6.91,6.59,6.28,5.98,5.71,5.46,5.22,5,4.8,4.62
Greece,4.61,4.54,4.42,4.24,4.07,3.95,3.87,3.76,3.58,3.36,3.12,2.91,2.79,2.75,2.73,2.65,2.52,2.37,2.24,2.1,1.95,1.81,1.7,1.62,1.55,1.47,1.37,1.28,1.19,1.11,1.04,0.98,0.94,0.91,0.88,0.85,0.81,0.77,0.73,0.69,0.64,0.6,0.56,0.52,0.49,0.46,0.43,0.41,0.4,0.39,0.39,0.39,0.4,0.42,0.43,0.44,0.44,0.43,0.4,0.38
Grenada,10.16,9.35,8.57,7.86,7.26,6.79,6.43,6.16,5.95,5.77,5.61,5.44,5.28,5.11,4.94,4.75,4.57,4.38,4.19,3.99,3.79,3.6,3.41,3.23,3.05,2.89,2.74,2.61,2.48,2.36,2.24,2.12,2.02,1.92,1.84,1.76,1.7,1.65,1.61,1.58,1.55,1.52,1.5,1.49,1.47,1.46,1.46,1.46,1.47,1.49,1.51,1.53,1.55,1.58,1.6,1.62,1.64,1.66,1.66,1.65
Guatemala,22.1,21.57,21.06,20.56,20.06,19.56,19.05,18.55,18.05,17.55,17.03,16.53,16.02,15.51,15.01,14.52,14.04,13.56,13.09,12.63,12.17,11.72,11.27,10.84,10.41,9.98,9.56,9.15,8.76,8.38,8.01,7.66,7.32,7,6.69,6.4,6.13,5.88,5.64,5.41,5.19,4.99,4.79,4.6,4.43,4.25,4.09,3.93,3.77,3.62,3.47,3.33,3.19,3.06,2.94,2.83,2.72,2.62,2.54,2.45
Guinea,34.52,34.28,34.04,33.79,33.5,33.23,32.95,32.66,32.36,32.06,31.76,31.43,31.11,30.76,30.41,30.02,29.61,29.19,28.73,28.27,27.79,27.32,26.85,26.4,25.94,25.49,25.05,24.61,24.15,23.65,23.12,22.54,21.91,21.25,20.56,19.87,19.18,18.5,17.81,17.11,16.43,15.75,15.12,14.52,13.98,13.5,13.08,12.7,12.36,12.07,11.81,11.57,11.34,11.12,10.98,10.79,10.52,10.32,10.11,9.88
Guinea-Bissau,,,,,,,,,,,,,,,,,,,,,,,,,,24.21,23.78,23.34,22.93,22.52,22.12,21.68,21.24,20.78,20.32,19.83,19.34,18.85,18.34,17.83,17.3,16.75,16.19,15.59,14.97,14.35,13.73,13.11,12.5,11.9,11.31,10.76,10.27,9.82,9.41,9.07,8.73,8.42,8.14,7.85
Guyana,9.22,8.83,8.5,8.22,7.99,7.81,7.67,7.55,7.47,7.41,7.37,7.34,7.32,7.3,7.28,7.25,7.21,7.16,7.11,7.05,6.99,6.93,6.86,6.78,6.7,6.62,6.53,6.42,6.29,6.15,6.01,5.85,5.69,5.53,5.38,5.24,5.11,4.99,4.87,4.75,4.63,4.52,4.41,4.31,4.22,4.13,4.04,3.96,3.88,3.8,3.73,3.65,3.57,3.5,3.41,3.31,3.22,3.12,3.03,2.93
Haiti,28.53,28.1,27.67,27.26,26.82,26.41,25.98,25.52,25.06,24.58,24.1,23.61,23.1,22.58,22.04,21.49,20.95,20.43,19.91,19.41,18.91,18.42,17.94,17.47,17,16.54,16.11,15.68,15.27,14.87,14.46,14.05,13.64,13.23,12.81,12.38,11.96,11.54,11.13,10.74,10.37,10.03,9.72,9.44,9.18,8.95,8.74,8.53,8.34,8.15,20.7,7.77,7.59,7.41,7.23,7.05,6.85,6.66,6.47,6.28
Heavily indebted poor countries (HIPC),,,,,,,,,,,,,,,,,,,,,,,,,,,,,,,18.06063468,17.76953152,17.47764471,17.19012401,17.01612047,16.62053185,16.16860884,15.81392683,15.44574425,14.91990937,14.40393143,13.86356849,13.30055478,12.73790616,12.18638882,11.66020897,11.16627436,10.69126983,10.24099476,9.809576973,9.551542842,9.022424875,8.656557435,8.30922059,7.992146346,7.695924183,7.396237026,7.129945197,6.878835159,6.64482726
High income,,,,,,,,,,,,,,,,,,,,,,,,,,,,,,,1.3,1.24,1.17,1.11,1.06,1.01,0.96,0.92,0.88,0.85,0.82,0.79,0.77,0.75,0.73,0.71,0.69,0.67,0.65,0.63,0.61,0.59,0.58,0.56,0.55,0.54,0.53,0.52,0.51,0.5
Honduras,20.81,20.11,19.45,18.8,18.17,17.55,16.94,16.33,15.73,15.15,14.58,14.02,13.47,12.93,12.4,11.88,11.37,10.88,10.4,9.93,9.47,9.03,8.6,8.19,7.79,7.41,7.05,6.71,6.39,6.09,5.8,5.53,5.29,5.05,4.83,4.63,4.43,4.24,5.83,3.88,3.7,3.53,3.37,3.21,3.06,2.92,2.79,2.66,2.55,2.44,2.33,2.24,2.15,2.07,2,1.93,1.86,1.79,1.74,1.68
Hungary,5.39,5.14,4.94,4.76,4.59,4.45,4.32,4.2,4.09,3.98,3.87,3.8,3.8,3.85,3.82,3.58,3.22,2.9,2.69,2.53,2.38,2.24,2.18,2.19,2.21,2.17,2.07,1.96,1.85,1.77,1.72,1.67,1.58,1.45,1.33,1.24,1.19,1.15,1.11,1.07,1.01,0.95,0.89,0.84,0.79,0.75,0.72,0.69,0.65,0.62,0.6,0.59,0.57,0.56,0.54,0.51,0.47,0.44,0.4,0.37
IBRD only,,,,,,,,,,,,,,,,,,,,,,,,,,,,,,,7.806371327,7.643027292,7.483117911,7.307903401,7.120905219,6.924607805,6.71557426,6.495828225,6.269128934,6.04365471,5.802191645,5.560592402,5.314230354,5.074693576,4.883809832,4.609125122,4.380855606,4.152012066,3.929202585,3.705896355,3.494166349,3.297028182,3.112130038,2.946836955,2.790679553,2.648662533,2.524901825,2.401504165,2.292740172,2.193931438
IDA & IBRD total,,,,,,,,,,,,,,,,,,,,,,,,,,,,,,,10.14858955,10.02462469,9.905316112,9.773440133,9.64255094,9.462223312,9.252291915,9.038818016,8.809943998,8.54823176,8.270671508,7.984799343,7.688211203,7.395283138,7.134694775,6.824641173,6.553582683,6.286846102,6.048348524,5.781809707,5.577651787,5.333239475,5.133433806,4.949381124,4.780898735,4.625271076,4.477926513,4.337235203,4.205624421,4.083633254
IDA blend,,,,,,,,,,,,,,,,,,,,,,,,,,,,,,,15.38757516,15.31947635,15.24936374,15.16966744,15.06054227,14.90986064,14.71520441,14.46669987,14.17817292,13.85073387,13.49898468,13.14185223,12.77478387,12.41480427,12.05738557,11.71052092,11.39116671,11.08141184,10.79295621,10.5257084,10.27867612,10.04651695,9.836263059,9.624156251,9.440226002,9.248990138,9.052295716,8.852511885,8.626057853,8.410447243
IDA only,,,,,,,,,,,,,,,,,,,,,,,,,,,,,,,16.55407184,16.23066625,15.90811489,15.591335,15.35526735,14.96262073,14.52948882,14.16774747,13.79553941,13.30974768,12.8313995,12.33674707,11.82948244,11.32833231,10.83996745,10.37375355,9.936809104,9.518148144,9.19183511,8.74093819,8.505619614,8.061075126,7.756450025,7.468287848,7.206125042,6.964633478,6.714883794,6.491985081,6.284223394,6.085708601
IDA total,,,,,,,,,,,,,,,,,,,,,,,,,,,,,,,16.16437232,15.9260964,15.68795991,15.45050536,15.2569315,14.94503801,14.59130221,14.26713117,13.92261548,13.48929702,13.05292816,12.60401688,12.14359194,11.68987916,11.24587788,10.8205402,10.42430748,10.04385048,9.732105791,9.345235158,9.107899879,8.737476311,8.466776817,8.206047132,7.971700473,7.747942032,7.516293618,7.30068066,7.085442618,6.879670131
Iceland,2.15,2.11,2.07,2.02,1.97,1.91,1.85,1.79,1.72,1.66,1.6,1.54,1.47,1.41,1.35,1.28,1.21,1.15,1.08,1.02,0.96,0.91,0.87,0.83,0.79,0.76,0.74,0.71,0.69,0.67,0.65,0.63,0.6,0.58,0.55,0.52,0.5,0.47,0.45,0.42,0.4,0.38,0.36,0.35,0.33,0.32,0.3,0.29,0.28,0.27,0.26,0.25,0.25,0.24,0.23,0.22,0.22,0.21,0.2,0.2
India,24.14,23.81,23.49,23.17,22.88,22.61,22.35,22.11,21.84,21.58,21.3,20.99,20.66,20.29,19.9,19.45,18.96,18.44,17.89,17.33,16.79,16.28,15.8,15.36,14.95,14.56,14.17,13.78,13.38,13,12.62,12.27,11.94,11.61,11.28,10.95,10.61,10.26,9.9,9.54,9.18,8.82,8.46,8.12,7.78,7.45,7.12,6.79,6.47,6.14,5.82,5.51,5.2,4.91,4.62,4.35,4.09,3.85,3.63,3.43
Indonesia,22.31,21.72,21.16,20.61,20.05,19.48,18.91,18.33,17.75,17.17,16.6,16.05,15.52,15.01,14.52,14.05,13.62,13.2,12.81,12.43,12.06,11.69,11.33,10.96,10.6,10.24,9.88,9.52,9.15,8.77,8.4,8.02,7.65,7.29,6.95,6.62,6.31,6.01,5.73,5.47,5.22,4.99,4.76,4.55,4.96,4.17,4,3.83,3.68,3.53,3.39,3.26,3.13,3.01,2.89,2.78,2.67,2.57,2.48,2.39
Iran,,,,,,,,,,,,18.46,17.6,16.77,15.94,15.1,14.22,13.35,12.44,11.55,10.69,9.9,9.18,8.55,8,7.51,7.07,6.66,6.28,5.93,5.61,5.32,5.07,4.84,4.63,4.43,4.23,4.03,3.83,3.63,3.43,3.24,3.06,2.89,2.73,2.59,2.45,2.31,2.18,2.07,1.97,1.88,1.8,1.73,1.67,1.61,1.55,1.49,1.44,1.39
Iraq,19.2,18.1,17.1,16.17,15.3,14.52,13.79,13.11,12.48,11.89,11.34,10.82,10.33,9.86,9.41,8.98,8.57,8.19,7.84,7.52,7.22,6.95,6.7,6.48,6.27,6.07,5.9,5.74,5.59,5.46,5.35,5.24,5.14,5.04,4.95,4.86,4.77,4.68,4.58,4.49,4.4,4.31,4.22,4.14,4.05,3.96,3.87,3.78,3.68,3.57,3.46,3.36,3.25,3.15,3.05,2.95,2.86,2.77,2.68,2.59
Ireland,3.53,3.38,3.25,3.13,3,2.86,2.71,2.55,2.41,2.3,2.22,2.17,2.14,2.11,2.06,2,1.91,1.81,1.69,1.55,1.43,1.32,1.24,1.17,1.11,1.07,1.04,1.02,0.99,0.96,0.92,0.87,0.81,0.77,0.74,0.73,0.73,0.73,0.73,0.73,0.71,0.69,0.65,0.6,0.56,0.52,0.49,0.46,0.44,0.43,0.42,0.41,0.4,0.39,0.38,0.37,0.36,0.35,0.34,0.33
Israel,4.2,3.96,3.73,3.53,3.36,3.22,3.11,3.03,2.96,2.91,2.86,2.81,2.77,2.72,2.64,2.53,2.37,2.19,2.04,1.91,1.81,1.73,1.66,1.59,1.52,1.44,1.37,1.3,1.25,1.21,1.16,1.11,1.05,0.99,0.92,0.86,0.82,0.78,0.75,0.72,0.69,0.66,0.64,0.61,0.58,0.56,0.53,0.51,0.49,0.47,0.46,0.44,0.43,0.41,0.4,0.39,0.38,0.38,0.37,0.37
Italy,5.19,4.98,4.76,4.54,4.32,4.11,3.93,3.78,3.64,3.51,3.35,3.18,2.98,2.76,2.53,2.31,2.11,1.95,1.82,1.7,1.61,1.52,1.43,1.35,1.27,1.2,1.14,1.08,1.04,1,0.97,0.93,0.89,0.85,0.8,0.75,0.7,0.66,0.62,0.59,0.56,0.53,0.5,0.48,0.46,0.45,0.43,0.42,0.41,0.41,0.4,0.39,0.38,0.37,0.36,0.35,0.34,0.33,0.32,0.31
Jamaica,8.29,7.94,7.61,7.32,7.05,6.8,6.57,6.35,6.13,5.92,5.71,5.5,5.29,5.1,4.92,4.75,4.6,4.45,4.32,4.19,4.06,3.95,3.83,3.72,3.62,3.52,3.41,3.32,3.22,3.13,3.03,2.94,2.85,2.76,2.67,2.58,2.5,2.42,2.34,2.27,2.2,2.14,2.09,2.05,2.01,1.98,1.96,1.93,1.9,1.86,1.81,1.76,1.72,1.67,1.62,1.56,1.52,1.47,1.43,1.39
Japan,3.97,3.62,3.29,2.98,2.7,2.46,2.26,2.1,1.96,1.85,1.75,1.65,1.57,1.48,1.41,1.33,1.25,1.18,1.11,1.05,0.99,0.93,0.88,0.83,0.79,0.75,0.71,0.68,0.66,0.64,0.63,0.62,0.61,0.6,0.59,0.57,0.55,0.52,0.5,0.47,0.45,0.43,0.41,0.4,0.39,0.37,0.36,0.35,0.34,0.33,0.32,0.32,0.3,0.29,0.28,0.28,0.27,0.26,0.25,0.25
Jordan,15.56,14.66,13.82,13.03,12.31,11.64,11.02,10.44,9.91,9.41,8.95,8.51,8.09,7.71,7.34,6.99,6.66,6.35,6.05,5.78,5.51,5.26,5.03,4.8,4.59,4.39,4.2,4.03,3.87,3.73,3.6,3.48,3.37,3.27,3.17,3.08,3,2.92,2.84,2.76,2.69,2.61,2.54,2.47,2.4,2.33,2.27,2.2,2.14,2.08,2.02,1.97,1.91,1.86,1.81,1.76,1.71,1.66,1.61,1.56
Kazakhstan,,,,,,,,,,,,8.49,8.28,8.08,7.91,7.75,7.62,7.51,7.38,7.23,7.06,6.85,6.61,6.38,6.17,5.95,5.75,5.56,5.39,5.26,5.18,5.16,5.19,5.25,5.29,5.28,5.17,4.97,4.73,4.48,4.22,3.97,3.73,3.51,3.31,3.1,2.89,2.68,2.47,2.25,2.04,1.83,1.63,1.46,1.3,1.18,1.1,1.05,1.03,1.05
Kenya,19.81,19,18.28,17.67,17.15,16.74,16.39,16.07,15.74,15.41,15.08,14.73,14.37,13.99,13.59,13.17,12.73,12.3,11.87,11.45,11.06,10.71,10.38,10.11,9.88,9.72,9.63,9.63,9.72,9.9,10.15,10.43,10.72,10.94,11.08,11.1,11.01,10.82,10.55,10.23,9.85,9.42,8.99,8.55,8.11,7.65,7.23,6.83,6.39,6.03,5.79,5.6,5.46,5.28,5.13,4.96,4.78,4.64,4.46,4.32
Kiribati,,,,17.99,17.28,16.59,15.96,15.37,14.84,14.34,13.91,13.51,13.17,12.9,12.69,12.52,12.38,12.29,12.22,12.18,12.12,12.05,11.96,11.82,11.65,11.42,11.11,10.77,10.37,9.95,9.55,9.17,8.86,8.59,8.36,8.15,7.94,7.73,7.53,7.31,7.1,6.91,6.75,6.64,6.59,6.58,6.59,6.61,6.6,6.54,6.45,6.32,6.19,6.05,5.89,5.74,5.58,5.41,5.25,5.09
Kuwait,14.13,13.18,12.29,11.43,10.64,9.86,9.17,8.53,7.96,7.46,7,6.57,6.18,5.81,5.46,5.12,4.8,4.48,4.18,3.89,3.6,3.3,3,2.72,2.48,2.3,2.16,2.05,1.95,1.85,1.75,1.92,1.58,1.52,1.47,1.43,1.39,1.35,1.3,1.27,1.24,1.21,1.19,1.18,1.16,1.14,1.12,1.11,1.09,1.07,1.04,1,0.96,0.93,0.9,0.87,0.85,0.83,0.81,0.79
Kyrgyzstan,,,,,,,,,,,,,,,,11.34,11.08,10.84,10.55,10.26,9.95,9.6,9.21,8.81,8.39,7.96,7.55,7.17,6.86,6.63,6.5,6.47,6.5,6.49,6.41,6.25,6.01,5.75,5.47,5.22,4.97,4.74,4.51,4.31,4.11,3.93,3.75,3.58,3.38,3.16,2.95,2.77,2.61,2.47,2.35,2.23,2.12,2.01,1.92,1.83
Laos,,,,,,,,,,,,,,,,,,,21.7,21.09,20.52,19.95,19.4,18.87,18.35,17.84,17.34,16.83,16.33,15.81,15.3,14.77,14.26,13.76,13.28,12.8,12.34,11.9,11.47,11.05,10.64,10.23,9.82,9.42,9.01,8.62,8.23,7.86,7.49,7.14,6.8,6.48,6.18,5.89,5.62,5.36,5.13,4.92,4.73,4.55
Late-demographic dividend,,,,,,,,,,,,,,,,,,,,,,,,,,,,,,,5.022669569,4.926755643,4.812560265,4.666871772,4.503397323,4.331195253,4.151752753,3.96414048,3.76851055,3.566784642,3.35112402,3.127313905,2.901619419,2.682014748,2.498562136,2.297130476,2.130608234,1.986300523,1.857712057,1.744355017,1.640728759,1.543420912,1.45425373,1.373165321,1.297021109,1.22186227,1.166206178,1.095141123,1.036945279,0.985410167
Latin America & Caribbean,,,,,,,,,,,,,,,,,,,,,,,,,,,,,,,5.46,5.23,4.99,4.76,4.52,4.3,4.08,3.87,3.71,3.51,3.31,3.15,2.99,2.85,2.72,2.6,2.49,2.38,2.29,2.2,2.47,2.05,1.98,1.92,1.86,1.81,1.81,1.73,1.67,1.63
Latin America & Caribbean (IDA & IBRD),,,,,,,,,,,,,,,,,,,,,,,,,,,,,,,5.522802504,5.284452534,5.044849926,4.807360589,4.572782651,4.342141252,4.122030649,3.910443652,3.751421877,3.549915641,3.342685958,3.179004451,3.02376288,2.879039059,2.744227374,2.621014135,2.509543158,2.403768819,2.310115317,2.224265698,2.474110905,2.069622706,2.002204591,1.938340072,1.877961531,1.825699011,1.828848492,1.741496429,1.690379626,1.63786605
Latin America & Caribbean (excluding high income),,,,,,,,,,,,,,,,,,,,,,,,,,,,,,,5.71070378,5.466303756,5.21781078,4.969650144,4.723284824,4.479987032,4.248250557,4.026788563,3.861948207,3.624746138,3.436679374,3.266949683,3.105723912,2.954973726,2.815931588,2.688668835,2.573803087,2.464284769,2.365441657,2.274959308,2.544832487,2.107946312,2.034845798,1.964198992,1.897217534,1.835177611,1.81060433,1.71814789,1.664626819,1.609529045
Latvia,,,,,,,,,,,,,,,,,,,,2.08,2.07,2.06,2.03,1.97,1.87,1.75,1.64,1.55,1.52,1.58,1.7,1.84,1.93,1.99,2,1.98,1.9,1.79,1.66,1.54,1.42,1.33,1.26,1.19,1.12,1.05,0.98,0.93,0.88,0.83,0.78,0.73,0.66,0.6,0.55,0.5,0.45,0.42,0.39,0.36
Least developed countries: UN classification,,,,,,,,,,,,,,,,,,,,,,,,,,,,,,,17.43157344,17.09220211,16.74954454,16.4143409,16.16728634,15.75542741,15.30180903,14.92438906,14.51754181,14.02740908,13.52546378,13.00679892,12.4728729,11.94311419,11.42296607,10.92409408,10.45293685,9.998887616,9.641882248,9.153233267,8.892502965,8.406640865,8.066398678,7.749312225,7.462768629,7.202635367,6.934525035,6.697378941,6.480205089,6.272781126
Lebanon,7.57,7.36,7.15,6.96,6.79,6.64,6.52,6.4,6.29,6.2,6.12,6.04,5.96,5.88,5.79,5.69,5.57,5.44,5.3,5.15,4.99,4.82,4.64,4.45,4.26,4.07,3.89,3.71,3.54,3.37,3.21,3.06,2.92,2.79,2.66,2.54,2.42,2.31,2.2,2.09,1.98,1.86,1.75,1.63,1.52,1.41,1.31,1.22,1.14,1.08,1.03,0.98,0.94,0.9,0.87,0.83,0.8,0.77,0.74,0.72
Lesotho,18.69,18.62,18.64,18.72,18.8,18.85,18.83,18.71,18.5,18.2,17.84,17.44,17.04,16.6,16.1,15.55,14.94,14.31,13.65,12.98,12.33,11.7,11.11,10.56,10.07,9.66,9.3,9.01,8.78,8.61,8.52,8.5,8.58,8.73,8.95,9.22,9.48,9.8,10.1,10.39,10.68,10.93,11.06,11.18,11.27,11.33,11.39,11.16,11.06,10.37,9.79,9.61,9.56,9.48,9.42,9.41,9.06,8.87,8.66,8.64
Liberia,31.03,31.05,31.04,30.91,30.73,30.47,30.17,29.79,29.36,28.88,28.4,27.92,27.47,27.04,26.58,26.12,25.71,25.34,24.97,24.61,24.28,23.99,23.76,23.64,23.63,23.82,24.17,24.67,25.27,25.82,26.26,26.46,26.37,26.02,25.41,24.59,23.62,22.53,21.34,20.1,18.8,17.51,16.23,15.01,13.89,12.91,12.08,11.41,10.86,10.42,10.08,9.8,9.57,9.38,9.43,9.1,8.93,8.79,8.64,8.46
Libya,27.84,26.03,24.32,22.74,21.21,19.75,18.38,17.06,15.83,14.67,13.59,12.58,11.69,10.86,10.12,9.46,8.87,8.34,7.87,7.44,7.05,6.69,6.35,6.03,5.73,5.44,5.16,4.89,4.64,4.4,4.17,3.96,3.77,3.59,3.45,3.31,3.19,3.08,2.98,2.89,2.81,2.73,2.64,2.55,2.44,2.31,2.17,2.02,1.88,1.76,1.66,1.75,1.51,1.44,1.38,1.33,1.28,1.24,1.19,1.15
Lithuania,,,,,,,,2.74,2.65,2.47,2.27,2.16,2.12,2.14,2.2,2.25,2.27,2.24,2.19,2.11,2.04,1.97,1.92,1.88,1.82,1.74,1.63,1.51,1.44,1.43,1.5,1.64,1.79,1.82,1.69,1.5,1.34,1.23,1.16,1.11,1.07,1.03,0.99,0.95,0.93,0.9,0.86,0.8,0.73,0.67,0.61,0.56,0.52,0.5,0.5,0.49,0.47,0.44,0.4,0.37
Low & middle income,,,,,,,,,,,,,,,,,,,,,,,,,,,,,,,10.21236928,10.08936251,9.971250201,9.840395278,9.710319525,9.529832629,9.318812943,9.103283762,8.871384406,8.603160908,8.323656605,8.033475562,7.733065137,7.4371417,7.174696145,6.863125439,6.591167919,6.323477225,6.083746616,5.815526465,5.60951088,5.362789142,5.160808365,4.974631425,4.804161227,4.646438053,4.495421708,4.353416587,4.220625165,4.097524316
Low income,,,,,,,,,,,,,,,,,,,,,,,,,,,,,,,18.25,17.95,17.64,17.34,17.18,16.73,16.23,15.85,15.43,14.89,14.36,13.81,13.25,12.69,12.14,11.62,11.12,10.65,10.2,9.77,9.56,9.01,8.66,8.33,8.04,7.76,7.47,7.22,6.99,6.76
Lower middle income,,,,,,,,,,,,,,,,,,,,,,,,,,,,,,,12.43,12.17,11.93,11.69,11.45,11.21,10.94,10.66,10.37,10.05,9.72,9.39,9.05,8.72,8.41,8.09,7.79,7.5,7.25,6.94,6.68,6.43,6.2,5.98,5.78,5.59,5.41,5.23,5.05,4.89
Luxembourg,3.77,3.57,3.38,3.2,3.03,2.88,2.74,2.61,2.48,2.36,2.23,2.11,1.99,1.88,1.77,1.67,1.58,1.51,1.44,1.39,1.34,1.29,1.25,1.2,1.16,1.11,1.07,1.02,0.97,0.92,0.87,0.82,0.77,0.72,0.67,0.63,0.59,0.55,0.52,0.49,0.47,0.44,0.42,0.4,0.38,0.36,0.35,0.33,0.32,0.31,0.3,0.3,0.29,0.29,0.29,0.29,0.29,0.28,0.28,0.28
Madagascar,,,,,,,,,14.58,14.77,14.96,15.17,15.39,15.63,15.89,16.15,16.39,16.61,16.82,17.03,17.26,17.5,17.72,17.87,17.91,17.82,17.59,17.23,16.78,16.27,15.73,15.22,14.73,14.24,13.78,13.29,12.78,12.25,11.71,11.18,10.65,10.16,9.7,9.25,8.84,8.44,8.07,7.73,7.41,7.11,6.85,6.6,6.37,6.17,5.98,5.79,5.6,5.41,5.23,5.06
Malawi,,,,,,35.3,35.12,34.94,34.75,34.47,34.13,33.64,32.99,32.22,31.35,30.43,29.49,28.52,27.5,26.45,25.59,24.86,24.44,24.4,24.71,25.14,25.45,25.55,25.35,24.89,24.28,23.54,22.78,22.02,21.28,20.63,20.14,19.7,19.13,18.34,17.26,15.9,14.43,13.05,11.88,10.97,10.36,9.94,9.45,8.98,8.49,7.86,7.12,6.39,5.8,5.38,5,4.69,4.39,4.16
Malaysia,9.26,8.63,8.05,7.53,7.06,6.65,6.3,6,5.74,5.52,5.33,5.13,4.94,4.72,4.49,4.24,3.99,3.73,3.49,3.25,3.02,2.82,2.62,2.45,2.3,2.16,2.03,1.92,1.82,1.74,1.66,1.58,1.51,1.44,1.39,1.34,1.29,1.24,1.17,1.1,1.02,0.95,0.89,0.85,0.83,0.82,0.81,0.81,0.81,0.81,0.81,0.8,0.8,0.8,0.8,0.81,0.82,0.83,0.84,0.86
Maldives,,,,,,30.45,29.53,28.6,27.69,26.76,25.76,24.73,23.62,22.43,21.22,20.03,18.88,17.81,16.8,15.86,14.98,14.16,13.4,12.69,12,11.35,10.74,10.15,9.6,9.08,8.58,8.11,7.64,7.17,6.7,6.23,5.76,5.28,4.81,4.34,3.89,3.45,3.05,2.7,2.69,2.13,1.92,1.75,1.6,1.49,1.39,1.3,1.22,1.15,1.08,1.01,0.95,0.88,0.82,0.76
Mali,,,,42.06,41.35,40.65,39.99,39.34,38.73,38.14,37.58,37,36.37,35.69,34.95,34.15,33.32,32.48,31.64,30.79,29.98,29.15,28.34,27.54,26.76,26.02,25.31,24.65,24.05,23.5,23,22.55,22.16,21.81,21.48,21.13,20.76,20.35,19.87,19.33,18.72,18.09,17.45,16.82,16.21,15.63,15.07,14.53,14.01,13.51,13.03,12.55,12.11,11.67,11.25,10.86,10.48,10.11,9.74,9.4
Malta,4.03,3.82,3.68,3.57,3.47,3.38,3.28,3.17,3.05,2.92,2.79,2.65,2.52,2.39,2.26,2.14,2.03,1.93,1.84,1.76,1.69,1.62,1.57,1.51,1.45,1.39,1.33,1.28,1.23,1.18,1.14,1.1,1.06,1.02,0.98,0.94,0.9,0.86,0.82,0.79,0.76,0.73,0.71,0.7,0.69,0.68,0.68,0.68,0.68,0.68,0.68,0.68,0.69,0.69,0.7,0.7,0.71,0.71,0.71,0.7
Marshall Islands,12.11,11.56,11.03,10.55,10.1,9.7,9.32,8.95,8.61,8.26,7.94,7.66,7.4,7.19,7.04,6.93,6.86,6.79,6.72,6.64,6.54,6.43,6.3,6.15,6,5.83,5.67,5.49,5.31,5.12,4.93,4.73,4.55,4.38,4.25,4.16,4.11,4.09,4.09,4.09,4.09,4.09,4.07,4.05,4.02,4,3.97,3.94,3.92,3.9,3.87,3.84,3.8,3.73,3.66,3.57,3.47,3.38,3.28,3.18
Mauritania,25.13,24.47,23.8,23.16,22.52,21.89,21.26,20.65,20.07,19.59,19.26,19.07,18.96,18.91,18.8,18.59,18.28,17.88,17.41,16.94,16.48,16,15.54,15.04,14.5,13.93,13.36,12.84,12.39,12.03,11.77,11.57,11.45,11.37,11.34,11.33,11.33,11.33,11.32,11.3,11.27,11.23,11.18,11.12,11.01,10.86,10.66,10.42,10.17,9.91,9.66,9.37,9.08,8.81,8.55,8.27,8.03,7.78,7.53,7.29
Mauritius,10.43,9.87,9.25,8.71,8.4,8.48,9.09,9.8,9.75,8.75,7.84,7.77,8.18,8.18,7.36,6.31,5.53,5.03,4.67,4.39,4.1,3.74,3.38,3.11,2.95,2.88,2.87,2.85,2.73,2.52,2.3,2.16,2.11,2.12,2.17,2.23,2.27,2.26,2.18,2.04,1.88,1.75,1.66,1.6,1.57,1.56,1.54,1.52,1.49,1.46,1.45,1.47,1.49,1.5,1.48,1.45,1.45,1.49,1.54,1.6
Mexico,15.58,14.93,14.33,13.79,13.27,12.79,12.34,11.91,11.48,11.07,10.67,10.28,9.9,9.54,9.18,8.83,8.49,8.16,7.83,7.5,7.18,6.86,6.55,6.25,5.97,5.71,5.45,5.21,4.97,4.75,4.53,4.32,4.12,3.93,3.75,3.57,3.41,3.25,3.1,2.96,2.82,2.7,2.58,2.47,2.37,2.28,2.2,2.12,2.05,1.98,1.91,1.85,1.79,1.73,1.67,1.62,1.57,1.52,1.47,1.42
Micronesia (country),,,,,,,,,,,,,,,,,,,,,,5.65,5.73,5.79,5.82,5.83,5.78,5.71,5.62,5.54,5.48,5.43,5.41,5.41,5.43,5.45,5.46,5.47,5.43,5.35,5.26,5.15,5.04,4.91,4.76,4.62,4.48,4.34,4.2,4.07,3.94,3.81,3.7,3.59,3.48,3.37,3.25,3.15,3.05,2.94
Middle East & North Africa,,,,,,,,,,,,,,,,,,,,,,,,,,,,,,,6.5,6.23,5.98,5.75,5.51,5.28,5.06,4.84,4.63,4.43,4.23,4.04,3.85,3.68,3.52,3.36,3.21,3.07,2.94,2.82,2.72,2.64,2.57,2.51,2.45,2.4,2.34,2.28,2.24,2.19
Middle East & North Africa (IDA & IBRD),,,,,,,,,,,,,,,,,,,,,,,,,,,,,,,6.861592848,6.599738355,6.357061081,6.119828225,5.887557439,5.658550777,5.429373877,5.206952386,4.984579184,4.769985846,4.560493794,4.355461044,4.158172117,3.971950381,3.794850928,3.628543217,3.470395818,3.319718814,3.176658398,3.046150205,2.937100897,2.847841343,2.778467669,2.710326427,2.647135325,2.595673798,2.532572648,2.470017729,2.427399389,2.373212779
Middle East & North Africa (excluding high income),,,,,,,,,,,,,,,,,,,,,,,,,,,,,,,6.830675369,6.567827742,6.324210301,6.08637282,5.853934671,5.624988768,5.396513243,5.17496844,4.954057464,4.741010567,4.533321923,4.330310185,4.135146622,3.951053327,3.775749599,3.611212104,3.454682455,3.305654091,3.164099251,3.034867769,2.927049736,2.838680184,2.76986039,2.702396612,2.639784831,2.58853944,2.525812156,2.463441672,2.420513861,2.366332507
Middle income,,,,,,,,,,,,,,,,,,,,,,,,,,,,,,,9.233287572,9.096232142,8.964980884,8.820161113,8.659378884,8.482005995,8.283882097,8.065829185,7.837176608,7.588003355,7.328613785,7.061736117,6.788532778,6.522431307,6.295984149,6.009158711,5.765196208,5.524585299,5.314075863,5.065958498,4.885930885,4.655305712,4.473317204,4.306512676,4.1519047,4.00938407,3.877734384,3.7491787,3.628384827,3.517615137
Moldova,,,,,,,,,,,,6.41,6.23,6.07,5.9,5.73,5.55,5.39,5.24,5.1,4.97,4.83,4.66,4.46,4.25,4.03,3.82,3.63,3.47,3.37,3.32,3.36,3.45,3.59,3.73,3.83,3.86,3.8,3.65,3.42,3.14,2.84,2.55,2.3,2.11,1.97,1.87,1.81,1.77,1.73,1.71,1.68,1.65,1.62,1.59,1.56,1.53,1.5,1.47,1.44
Monaco,,,,,,,,,,,,,,,,,,,,,,,,,,0.97,0.93,0.89,0.85,0.81,0.78,0.74,0.71,0.68,0.65,0.62,0.6,0.58,0.55,0.53,0.52,0.5,0.49,0.47,0.46,0.45,0.44,0.43,0.42,0.41,0.4,0.39,0.38,0.37,0.36,0.35,0.34,0.33,0.32,0.31
Mongolia,,,,,,,,,,,,,,,,,,,17.2,16.6,16.04,15.51,14.99,14.48,13.99,13.45,12.9,12.35,11.81,11.29,10.81,10.37,9.96,9.57,9.19,8.81,8.4,7.96,7.5,7.03,6.55,6.07,5.61,5.18,4.77,4.41,4.08,3.78,3.51,3.25,3.02,2.79,2.57,2.37,2.19,2.02,1.88,1.75,1.65,1.56
Montenegro,,,,,,,,,,,,,,,,,,,,,,,,,2.73,2.48,2.25,2.05,1.89,1.75,1.65,1.58,1.54,1.52,1.51,1.51,1.51,1.5,1.49,1.46,1.42,1.37,1.3,1.23,1.15,1.07,0.98,0.9,0.81,0.73,0.66,0.58,0.52,0.46,0.4,0.36,0.31,0.28,0.25,0.23
Morocco,23.83,23.34,22.83,22.32,21.8,21.26,20.72,20.19,19.68,19.19,18.75,18.31,17.89,17.46,17,16.47,15.89,15.26,14.59,13.91,13.23,12.58,11.94,11.32,10.73,10.17,9.65,9.16,8.71,8.3,7.91,7.55,7.21,6.88,6.56,6.25,5.96,5.68,5.42,5.17,4.94,4.72,4.52,4.32,4.14,3.96,3.79,3.63,3.47,3.32,3.18,3.04,2.9,2.77,2.65,2.53,2.42,2.31,2.22,2.14
Mozambique,,,,,27.22,27.35,27.49,27.6,27.61,27.61,27.58,27.52,27.43,27.32,27.18,27.05,26.92,26.79,26.71,26.65,26.61,26.56,26.47,26.33,26.11,25.83,25.53,25.22,24.93,24.62,24.31,24,23.62,23.15,22.56,21.85,21,20.04,18.99,17.96,16.97,16.06,15.22,14.47,13.8,13.19,12.62,11.93,11.32,10.77,10.49,10.04,9.63,9.23,8.93,8.54,8.18,7.94,7.7,7.42
Myanmar,,,,,,,,,18.04,17.71,17.38,17.04,16.7,16.36,16.01,15.67,15.32,14.95,14.61,14.29,13.98,13.69,13.41,13.14,12.89,12.66,12.43,12.19,11.96,11.71,11.46,11.2,10.93,10.66,10.4,10.13,9.88,9.63,9.38,9.14,8.9,8.66,8.43,8.18,7.93,7.67,7.41,7.15,8.91,6.6,6.34,6.07,5.82,5.58,5.37,5.18,4.99,4.81,4.64,4.47
Namibia,,,,,,,,9.47,9.52,9.55,9.6,9.64,9.69,9.76,9.83,9.92,10.01,10.08,10.13,10.14,10.08,9.94,9.73,9.44,9.1,8.73,8.37,8.03,7.73,7.46,7.23,7.05,6.93,6.89,6.93,7.06,7.21,7.36,7.48,7.54,7.54,7.49,7.43,7.4,7.37,7.02,6.56,6.07,5.58,5.18,4.97,5.04,5.22,5.01,4.81,4.78,4.63,4.45,4.33,4.24
Nauru,,,,,,,,,,,,,,,,,,,,,,,,,,7.41,7.08,6.8,6.53,6.27,6.03,5.78,5.55,5.32,5.12,4.93,4.75,4.57,4.42,4.27,4.15,4.05,3.96,3.91,3.87,3.87,3.88,3.91,3.93,3.93,3.89,3.84,3.77,3.68,3.58,3.49,3.39,3.29,3.19,3.09
Nepal,32.26,31.86,31.4,30.85,30.25,29.61,28.98,28.3,27.66,27.04,26.46,25.89,25.35,24.82,24.28,23.75,23.2,22.64,22.03,21.42,20.78,20.13,19.49,18.84,18.19,17.52,16.84,16.13,15.42,14.69,13.98,13.27,12.6,11.94,11.32,10.72,10.16,9.61,9.08,8.58,8.1,7.65,7.22,6.82,6.45,6.1,5.77,5.47,5.18,4.92,4.66,4.42,4.2,3.99,3.79,3.62,3.46,3.32,3.19,3.08
Netherlands,2.08,2.03,1.97,1.92,1.88,1.83,1.79,1.74,1.69,1.64,1.58,1.53,1.47,1.41,1.36,1.31,1.26,1.21,1.16,1.12,1.09,1.06,1.04,1.02,0.99,0.97,0.95,0.92,0.89,0.86,0.83,0.8,0.77,0.74,0.71,0.69,0.67,0.65,0.64,0.63,0.62,0.61,0.59,0.57,0.55,0.53,0.51,0.49,0.47,0.46,0.44,0.43,0.42,0.41,0.41,0.4,0.4,0.4,0.4,0.4
New Zealand,2.79,2.69,2.58,2.47,2.38,2.31,2.25,2.2,2.16,2.12,2.08,2.03,1.98,1.94,1.89,1.83,1.77,1.71,1.66,1.61,1.56,1.52,1.48,1.45,1.41,1.38,1.34,1.29,1.24,1.18,1.12,1.06,1,0.95,0.91,0.87,0.84,0.81,0.78,0.76,0.74,0.72,0.7,0.69,0.67,0.66,0.65,0.64,0.63,0.62,0.61,0.6,0.59,0.58,0.56,0.55,0.53,0.51,0.49,0.47
Nicaragua,19.78,19.57,19.35,19.13,18.91,18.63,18.35,18.06,17.74,17.38,17,16.57,16.08,15.55,14.96,14.31,13.62,12.9,12.17,11.46,10.78,10.15,9.59,9.07,8.62,8.22,7.87,7.55,7.24,6.95,6.65,6.34,6.03,5.72,5.42,5.12,4.84,4.57,4.89,4.07,3.85,3.64,3.46,3.29,3.13,2.99,2.85,2.72,2.6,2.49,2.39,2.29,2.2,2.11,2.03,1.94,1.87,1.8,1.73,1.66
Niger,,,,,,,,31.3,31.72,32.13,32.57,33.02,33.4,33.67,33.76,33.69,33.42,33.02,32.57,32.16,31.91,31.88,32.09,32.47,32.93,33.35,33.65,33.74,33.62,33.33,32.86,32.22,31.38,30.35,29.17,27.85,26.58,25.41,24.38,23.42,22.48,21.52,20.46,19.32,18.17,17.03,15.95,14.91,13.96,13.05,12.22,11.48,10.85,10.3,9.85,9.4,9.02,8.66,8.34,8.04
Nigeria,,,,,32.33,31.62,30.92,30.24,29.58,28.89,28.14,27.38,26.57,25.74,24.93,24.15,23.4,22.72,22.11,21.59,21.18,20.87,20.69,20.62,20.63,20.69,20.78,20.87,20.94,20.97,20.95,20.9,20.83,20.74,20.61,20.41,20.14,19.78,19.35,18.85,18.31,17.77,17.2,16.64,16.08,15.55,15.06,14.6,14.22,13.88,13.6,13.36,13.17,12.99,12.85,12.68,12.5,12.28,12,11.72
North America,,,,,,,,,,,,,,,,,,,,,,,,,,,,,,,1.1,1.06,1.02,0.99,0.96,0.92,0.9,0.87,0.86,0.84,0.83,0.82,0.81,0.8,0.79,0.78,0.77,0.76,0.75,0.73,0.72,0.71,0.69,0.68,0.67,0.67,0.66,0.65,0.64,0.63
North Korea,,,,,,,,,,,,,,,,,,,,,,,,,,3.51,3.47,3.52,3.68,3.95,4.34,4.86,5.48,6.13,6.77,7.28,7.57,7.57,7.29,6.74,6,5.21,4.47,3.89,3.5,3.3,3.24,3.22,3.18,3.1,2.95,2.77,2.57,2.4,2.24,2.11,2,1.9,1.82,1.73
North Macedonia,,,,,,,,,,,,,,,,,,,,,,5.66,5.5,5.31,5.09,4.92,4.85,4.76,4.46,3.98,3.57,3.42,3.38,3.19,2.8,2.41,2.14,1.97,1.83,1.7,1.58,1.5,1.45,1.42,1.4,1.37,1.33,1.25,1.16,1.07,1.01,1,1.05,1.14,1.25,1.3,1.2,0.99,0.78,0.61
Norway,2.26,2.21,2.16,2.1,2.04,1.97,1.9,1.82,1.75,1.69,1.62,1.56,1.5,1.43,1.36,1.29,1.22,1.15,1.09,1.04,1.01,0.99,0.99,1,1.01,1.02,1.02,1.01,0.98,0.93,0.87,0.79,0.72,0.66,0.61,0.57,0.54,0.52,0.51,0.5,0.49,0.47,0.46,0.44,0.42,0.41,0.39,0.37,0.36,0.34,0.33,0.31,0.3,0.29,0.28,0.27,0.26,0.26,0.25,0.24
OECD members,,,,,,,,,,,,,,,,,,,,,,,,,,,,,,,2.197017788,2.096522561,1.999164609,1.904858541,1.817558814,1.732769475,1.653508874,1.574698129,1.50606426,1.439028937,1.37153741,1.311082884,1.252045695,1.195889769,1.146834597,1.09778736,1.052122983,1.007839382,0.970228538,0.935751316,0.900824247,0.872890787,0.844532724,0.819940194,0.794947688,0.774792427,0.75305023,0.736502141,0.716470937,0.696796695
Oman,,,33.95,32.47,30.98,29.61,28.25,26.9,25.56,24.2,22.9,21.62,20.34,19.11,17.89,16.69,15.49,14.31,13.16,12.04,10.97,9.96,8.99,8.08,7.24,6.49,5.82,5.24,4.73,4.27,3.87,3.51,3.18,2.89,2.63,2.41,2.21,2.04,1.89,1.76,1.64,1.54,1.46,1.38,1.33,1.28,1.25,1.22,1.2,1.18,1.17,1.16,1.14,1.13,1.12,1.12,1.13,1.13,1.14,1.14
Other small states,,,,,,,,,,,,,,,,,,,,,,,,,,,,,,,9.595301883,9.459652602,9.367389918,9.30998107,9.278930818,9.264428458,9.192998004,9.149639569,9.078618785,8.972560281,8.843462785,8.673325341,8.472672876,8.266337392,8.04658627,7.763179852,7.433235335,7.120199251,6.852288938,6.522850238,6.217460751,6.014079801,5.851330525,5.669024927,5.515698269,5.368849393,5.215647792,5.085912721,4.917481411,4.772754528
Pacific island small states,,,,,,,,,,,,,,,,,,,,,,,,,,,,,,,3.635380702,3.520611629,3.421533341,3.327342069,3.24735928,3.178651121,3.115907729,3.110512905,3.007365594,2.952954229,2.900486679,2.85876153,2.826298439,2.801432675,2.788666727,2.78894116,2.784652838,2.780043258,2.76477834,2.791774412,2.7150006,2.680974968,2.64715639,2.613475801,2.580534,2.545779551,2.508561537,2.47786557,2.439511125,2.393314328
Pakistan,25.24,24.34,23.47,22.67,21.94,21.27,20.7,20.19,19.75,19.36,19,18.66,18.34,18.05,17.78,17.54,17.31,17.1,16.89,16.68,16.47,16.25,16.03,15.79,15.55,15.28,15.02,14.75,14.48,14.22,13.95,13.67,13.37,13.07,12.75,12.42,12.08,11.73,11.39,11.06,10.75,10.47,10.22,10,9.8,9.61,9.44,9.27,9.09,8.91,8.71,8.5,8.29,8.06,7.83,7.61,7.38,7.16,6.94,6.72
Palau,,,,,,,,,,,,,,,,,,,,,,,,,,3.64,3.62,3.61,3.59,3.56,3.54,3.5,3.45,3.39,3.32,3.25,3.17,3.09,3.01,2.95,2.88,2.82,2.76,2.7,2.65,2.6,2.55,2.49,2.43,2.36,2.3,2.23,2.16,2.1,2.04,1.97,1.91,1.85,1.79,1.73
Palestine,,,,,,,,,,,,,,,,10.74,10.11,9.5,8.94,8.41,7.9,7.44,7,6.59,6.22,5.86,5.53,5.22,4.93,4.68,4.45,4.24,4.05,3.88,3.73,3.58,3.45,3.32,3.21,3.1,3,2.91,2.83,2.76,2.68,2.61,2.54,2.48,2.42,2.36,2.32,2.28,2.24,2.21,2.18,2.14,2.1,2.05,1.99,1.94
Panama,9.02,8.76,8.49,8.24,8,7.77,7.55,7.33,7.11,6.86,6.59,6.29,5.98,5.68,5.4,5.15,4.94,4.77,4.62,4.49,4.34,4.2,4.05,3.91,3.76,3.62,3.49,3.37,3.26,3.16,3.07,3,2.93,2.88,2.83,2.8,2.76,2.73,2.69,2.65,2.59,2.54,2.47,2.41,2.35,2.29,2.23,2.17,2.1,2.05,1.99,1.93,1.87,1.81,1.75,1.69,1.64,1.59,1.53,1.49
Papua New Guinea,19.74,19.11,18.52,17.94,17.36,16.8,16.26,15.74,15.22,14.71,14.24,13.79,13.35,12.94,12.54,12.16,11.8,11.47,11.15,10.85,10.56,10.29,10.04,9.8,9.58,9.37,9.18,8.99,8.81,8.64,8.47,8.3,8.14,7.99,7.84,7.71,7.57,7.44,7.31,7.18,7.06,6.94,6.81,6.69,6.56,6.43,6.29,6.15,6.02,5.88,5.73,5.6,5.46,5.32,5.18,5.05,4.9,4.76,4.63,4.48
Paraguay,8.23,8.15,8.1,8.04,8,7.97,7.93,7.9,7.87,7.83,7.77,7.7,7.62,7.53,7.42,7.3,7.16,7.01,6.85,6.68,6.49,6.29,6.09,5.88,5.67,5.47,5.27,5.07,4.89,4.71,4.53,4.37,4.21,4.07,3.93,3.82,3.71,3.62,3.53,3.45,3.37,3.29,3.22,3.14,3.07,3,2.92,2.84,2.76,2.68,2.6,2.52,2.44,2.36,2.29,2.22,2.15,2.08,2.01,1.94
Peru,22.76,22.12,21.45,20.76,20.06,19.38,18.74,18.13,17.57,17.06,16.56,16.09,15.61,15.13,14.66,14.23,13.84,13.5,13.2,12.9,12.61,12.3,11.94,11.51,11.03,10.51,9.97,9.43,8.94,8.48,8.03,7.6,7.16,6.71,6.25,5.8,5.36,4.94,4.54,4.18,3.85,3.56,3.3,3.06,2.86,2.68,2.51,2.36,2.22,2.1,1.99,1.89,1.8,1.72,1.64,1.57,1.5,1.43,1.37,1.32
Philippines,10.34,10.01,9.74,9.51,9.3,9.11,8.93,8.76,8.61,8.48,8.38,8.31,8.27,8.24,8.23,8.23,8.21,8.17,8.11,8.04,7.95,7.85,7.74,7.61,7.45,7.26,7.01,6.71,6.37,6.01,5.66,5.33,5.04,4.78,4.56,4.37,4.2,4.06,3.94,3.85,3.77,3.69,3.63,3.56,3.49,3.42,3.36,3.31,3.26,3.21,3.17,3.13,3.1,3.06,3.02,2.98,2.93,2.87,2.8,2.73
Poland,6.51,6.01,5.61,5.25,4.89,4.56,4.28,4.05,3.88,3.76,3.62,3.44,3.23,3.05,2.9,2.79,2.7,2.62,2.55,2.47,2.4,2.33,2.27,2.2,2.12,2.03,1.96,1.89,1.83,1.78,1.74,1.69,1.64,1.59,1.53,1.45,1.33,1.2,1.08,1,0.93,0.88,0.84,0.81,0.78,0.76,0.73,0.7,0.67,0.63,0.6,0.57,0.54,0.52,0.5,0.48,0.47,0.46,0.45,0.44
Portugal,11.45,11.02,10.44,9.77,9.09,8.5,8.06,7.74,7.49,7.22,6.86,6.35,5.78,5.24,4.78,4.36,3.94,3.56,3.23,2.97,2.76,2.58,2.42,2.28,2.16,2.04,1.93,1.82,1.7,1.59,1.47,1.36,1.25,1.14,1.05,0.97,0.91,0.86,0.82,0.77,0.72,0.66,0.61,0.55,0.5,0.46,0.44,0.42,0.4,0.39,0.38,0.37,0.37,0.36,0.36,0.36,0.36,0.36,0.37,0.37
Post-demographic dividend,,,,,,,,,,,,,,,,,,,,,,,,,,,,,,,1.074883578,1.035022517,0.994079783,0.950777264,0.911819782,0.874025363,0.838515803,0.804329488,0.780844627,0.754904993,0.730115571,0.710122558,0.69196382,0.675348863,0.662870876,0.646298143,0.631128541,0.613460603,0.598669893,0.585170774,0.567878105,0.555469557,0.541827032,0.530053282,0.519439282,0.511679697,0.503212327,0.499566893,0.492106496,0.485236184
Pre-demographic dividend,,,,,,,,,,,,,,,,,,,,,,,,,,,,,,,18.40417909,18.21618209,18.02252949,17.8160176,17.5869731,17.32070738,17.01679357,16.66602341,16.2652197,15.81676212,15.31955557,14.79230125,14.24258655,13.69385012,13.14935457,12.62777365,12.13547357,11.66210559,11.22056081,10.80486844,10.43236171,10.08329266,9.764239753,9.462304537,9.195397411,8.938598861,8.674655871,8.427758272,8.174649288,7.932217743
Qatar,,,,,,,,,,7.05,6.59,6.14,5.74,5.37,5.04,4.75,4.47,4.22,4,3.8,3.61,3.44,3.28,3.13,2.98,2.83,2.68,2.53,2.37,2.22,2.08,1.95,1.82,1.71,1.61,1.53,1.46,1.4,1.35,1.3,1.25,1.2,1.16,1.12,1.08,1.04,1.01,0.98,0.96,0.93,0.91,0.89,0.87,0.84,0.81,0.78,0.75,0.71,0.68,0.65
Romania,8.72,8,7.04,6.13,5.48,5.28,5.67,6.38,6.7,6.24,5.52,5,4.71,4.53,4.4,4.25,4.07,3.88,3.74,3.67,3.59,3.45,3.27,3.13,3.09,3.15,3.3,3.47,3.49,3.31,3.09,2.94,2.87,2.82,2.76,2.7,2.65,2.59,2.47,2.29,2.14,2.05,2.02,1.99,1.93,1.82,1.67,1.52,1.39,1.3,1.24,1.18,1.13,1.06,0.98,0.91,0.86,0.81,0.75,0.7
Russia,,,,,,,,,,,3.82,3.65,3.5,3.35,3.21,3.1,3.01,2.94,2.87,2.81,2.76,2.71,2.66,2.61,2.56,2.49,2.42,2.34,2.26,2.2,2.16,2.15,2.17,2.18,2.19,2.18,2.16,2.12,2.07,2.01,1.93,1.83,1.72,1.6,1.49,1.38,1.28,1.19,1.12,1.07,1.04,1.01,0.98,0.95,0.89,0.82,0.75,0.69,0.63,0.58
Rwanda,22.09,21.65,21.31,21.09,20.99,20.99,21.08,21.25,21.51,21.81,22.13,22.5,22.93,23.46,24.05,24.62,25.05,25.08,24.5,23.34,21.84,20.19,18.69,17.52,16.64,15.96,15.45,15.08,14.83,14.75,14.98,15.5,16.26,17.95,27.64,24.97,19.43,21.47,23.09,19.6,17.87,16.64,15.22,13.75,12.27,10.93,9.76,8.75,7.85,7.07,6.37,5.71,5.2,4.76,4.43,4.15,3.92,3.75,3.59,3.43
Saint Kitts and Nevis,,,,,,,,,,,,,6.85,6.58,6.34,6.11,5.9,5.7,5.49,5.26,5.02,4.76,4.49,4.22,3.97,3.75,3.55,3.39,3.25,3.14,3.05,2.98,2.93,2.88,2.84,2.79,2.73,2.66,2.58,2.48,2.38,2.27,2.16,2.07,1.98,1.91,1.86,1.81,1.79,1.76,1.75,1.74,1.74,1.73,1.71,1.69,1.66,1.62,1.58,1.54
Saint Lucia,16.39,15.58,14.68,13.71,12.72,11.73,10.76,9.84,8.96,8.15,7.41,6.74,6.14,5.6,5.12,4.7,4.34,4.01,3.73,3.49,3.28,3.09,2.94,2.8,2.68,2.57,2.47,2.39,2.31,2.25,2.18,2.13,2.08,2.03,1.99,1.96,1.93,1.9,1.88,1.86,1.85,1.84,1.84,1.84,1.85,1.86,1.87,1.88,1.9,1.92,1.95,1.97,2,2.03,2.06,2.1,2.13,2.17,2.2,2.23
Saint Vincent and the Grenadines,17.45,16.34,14.99,13.53,12.12,10.84,9.77,8.9,8.24,7.78,7.51,7.4,7.41,7.49,7.54,7.47,7.24,6.86,6.36,5.81,5.29,4.79,4.33,3.91,3.54,3.23,2.97,2.76,2.6,2.47,2.38,2.31,2.26,2.23,2.22,2.22,2.23,2.23,2.23,2.23,2.22,2.2,2.19,2.17,2.16,2.15,2.13,2.11,2.07,2.03,1.98,1.92,1.86,1.8,1.74,1.68,1.62,1.56,1.51,1.46
Samoa,10.8,10.39,10.01,9.65,9.32,9,8.68,8.33,7.96,7.58,7.2,6.84,6.51,6.21,5.92,5.65,5.4,5.16,4.93,4.71,4.51,4.31,4.12,3.94,3.76,3.6,3.45,3.32,3.19,3.08,2.98,2.88,2.78,2.68,2.59,2.49,2.4,2.31,2.23,2.15,2.07,2.01,1.95,1.91,1.88,1.87,1.86,1.86,1.86,2.4,1.84,1.82,1.8,1.77,1.73,1.69,1.64,1.6,1.55,1.5
San Marino,,,,,,,,,,,,,,,,,,,,,,,,,,2.07,1.91,1.76,1.63,1.5,1.38,1.27,1.17,1.08,0.99,0.91,0.84,0.77,0.71,0.66,0.6,0.56,0.51,0.47,0.44,0.4,0.37,0.34,0.32,0.29,0.27,0.25,0.24,0.22,0.21,0.2,0.19,0.18,0.17,0.17
Sao Tome and Principe,,,,,,9.64,9.32,9.04,8.83,8.68,8.62,8.61,8.65,8.73,8.81,8.86,8.91,8.93,8.97,9.01,9.08,9.19,9.34,9.53,9.75,9.97,10.17,10.36,10.53,10.66,10.76,10.82,10.82,10.76,10.62,10.39,10.09,9.72,9.31,8.87,8.4,7.93,7.47,7,6.56,6.16,5.77,5.41,5.08,4.79,4.5,4.24,4.01,3.81,3.63,3.47,3.33,3.2,3.09,2.98
Saudi Arabia,,,,,,,,,,,,,16.05,15.02,14.07,13.15,12.32,11.53,10.79,10.09,9.43,8.8,8.2,7.64,7.11,6.59,6.11,5.65,5.22,4.81,4.44,4.1,3.79,3.51,3.26,3.04,2.83,2.65,2.48,2.33,2.2,2.07,1.95,1.84,1.74,1.64,1.54,1.45,1.36,1.27,1.19,1.11,1.04,0.97,0.91,0.84,0.79,0.74,0.7,0.66
Senegal,29.58,29.55,29.58,29.65,29.72,29.73,29.67,29.57,29.41,29.15,28.79,28.3,27.71,26.98,26.14,25.18,24.15,23.11,22.1,21.2,20.43,19.77,19.17,18.56,17.89,17.11,16.28,15.48,14.79,14.24,13.86,13.66,13.6,13.65,13.75,13.85,13.91,13.88,13.73,13.42,12.91,12.26,11.5,10.7,9.91,9.18,8.53,7.95,7.45,7.02,6.63,6.3,6,5.74,5.5,5.28,5.06,4.88,4.7,4.53
Serbia,,,,,,,,,,,,,,,,,,,,,,,,,4.13,3.91,3.75,3.63,3.44,3.13,2.79,2.54,2.43,2.34,2.18,1.96,1.74,1.54,1.39,1.31,1.27,1.22,1.15,1.05,0.97,0.89,0.84,0.81,0.8,0.78,0.76,0.74,0.71,0.69,0.66,0.63,0.6,0.58,0.55,0.53
Seychelles,10.45,10.31,10.17,9.99,9.79,9.54,9.24,8.89,8.48,8.03,7.54,7.04,6.54,6.05,5.56,5.08,4.61,4.16,3.75,3.38,3.05,2.76,2.53,2.33,2.17,2.04,1.93,1.84,1.76,1.69,1.63,1.58,1.53,1.49,1.46,1.43,1.41,1.4,1.39,1.38,1.38,1.37,1.37,1.37,1.37,1.37,1.38,1.38,1.39,1.4,1.41,1.42,1.43,1.45,1.46,1.48,1.48,1.47,1.45,1.42
Sierra Leone,39.17,38.63,38.02,37.43,36.85,36.25,35.66,35.04,34.44,33.86,33.29,32.76,32.25,31.76,31.28,30.81,30.33,29.88,29.43,29.01,28.64,28.28,27.95,27.63,27.32,27.05,26.77,26.54,26.35,26.14,25.98,25.81,25.64,25.45,25.23,24.95,24.61,24.22,23.77,23.29,22.77,22.22,21.63,21.03,20.4,19.73,19.04,18.32,17.57,16.81,16.05,15.32,14.63,13.98,13.77,13.83,12.32,11.82,11.35,10.92
Singapore,4.77,4.37,4.04,3.8,3.64,3.51,3.35,3.18,3.01,2.85,2.71,2.57,2.41,2.2,1.95,1.73,1.59,1.53,1.51,1.5,1.48,1.41,1.32,1.23,1.15,1.09,1.03,0.98,0.91,0.84,0.77,0.69,0.63,0.57,0.53,0.5,0.48,0.46,0.44,0.41,0.39,0.36,0.34,0.32,0.3,0.29,0.29,0.29,0.28,0.28,0.28,0.28,0.28,0.28,0.27,0.27,0.27,0.27,0.26,0.25
Slovakia,,,,,,,,,,,,,,,,,,,,,,2.16,2.07,1.98,1.9,1.82,1.74,1.67,1.6,1.53,1.47,1.41,1.35,1.3,1.25,1.19,1.15,1.1,1.06,1.01,0.98,0.94,0.91,0.88,0.85,0.82,0.79,0.77,0.74,0.72,0.7,0.68,0.66,0.65,0.64,0.62,0.61,0.6,0.59,0.58
Slovenia,,,,,,,,,,,,,,,,,,,,,,1.81,1.71,1.61,1.52,1.43,1.35,1.26,1.18,1.11,1.04,0.97,0.91,0.85,0.79,0.74,0.7,0.65,0.62,0.58,0.55,0.52,0.49,0.47,0.44,0.42,0.4,0.38,0.36,0.34,0.32,0.31,0.29,0.28,0.26,0.25,0.24,0.23,0.22,0.21
Small states,,,,,,,,,,,,,,,,,,,,,,,,,,,,,,,8.00590353,7.895956112,7.816530898,7.761973162,7.727176958,7.70572057,7.644218768,7.609960559,7.550375407,7.470762579,7.376226071,7.252441397,7.106462461,6.9558456,6.794122182,6.582976262,6.333197625,6.09436397,5.888187284,5.634721386,5.391067152,5.229100246,5.098964919,4.951993166,4.827420309,4.706050343,4.579875021,4.471914542,4.332424163,4.21058993
Solomon Islands,18.97,17.97,17.03,16.16,15.33,14.54,13.74,12.92,12.1,11.29,10.48,9.73,9.04,8.39,7.81,7.27,6.77,6.33,5.94,5.6,5.32,5.07,4.87,4.69,4.52,4.38,4.25,4.14,4.04,3.94,3.84,3.74,3.64,3.54,3.44,3.36,3.28,3.21,3.15,3.1,3.04,3,2.97,2.94,2.91,2.88,2.84,2.79,2.73,2.66,2.59,2.52,2.44,2.37,2.3,2.23,2.16,2.1,2.03,1.97
Somalia,,,,,,,,,,,,,,,,,,,,,,,19.63,19.38,19.11,18.95,18.79,18.6,18.4,18.15,17.82,17.47,17.23,17.14,17.12,17.11,17.11,17.11,17.11,17.11,17.11,17.11,17.11,17.11,17.11,17.11,17.05,16.83,16.49,16.08,15.61,15.14,14.66,14.21,13.73,13.27,12.84,12.44,12.03,11.7
South Africa,,,,,,,,,,,,,,,12.86,12.17,11.5,10.87,10.28,9.73,9.22,8.74,8.29,7.87,7.48,7.11,6.78,6.46,6.18,5.93,5.73,5.6,5.55,5.6,5.73,5.94,6.18,6.41,6.68,6.93,7.11,7.3,7.44,7.6,7.81,7.91,7.94,7.53,6.87,5.98,5.12,4.48,4.09,3.92,3.81,3.71,3.62,3.56,3.5,3.45
South Asia,,,,,,,,,,,,,,,,,,,,,,,,,,,,,,,12.97,12.6,12.24,11.89,11.54,11.18,10.82,10.45,10.08,9.71,9.34,8.98,8.63,8.3,7.99,7.67,7.36,7.07,6.77,6.48,6.19,5.91,5.64,5.38,5.12,4.88,4.64,4.42,4.21,4.02
South Asia (IDA & IBRD),,,,,,,,,,,,,,,,,,,,,,,,,,,,,,,12.96439355,12.59770053,12.24355451,11.89085463,11.53575686,11.18165389,10.81963201,10.45034367,10.07618805,9.705956712,9.34040038,8.982305373,8.631300421,8.302928165,7.993615731,7.668788727,7.364276218,7.06355666,6.772430456,6.478328518,6.192325639,5.915510771,5.642511583,5.38192915,5.122763112,4.87942574,4.64308141,4.421332453,4.214723531,4.022383404
South Korea,11.22,10.66,10.17,9.68,9.2,8.7,8.18,7.65,7.11,6.6,6.12,5.7,5.33,5.04,4.79,4.57,4.38,4.19,4,3.8,3.58,3.35,3.11,2.88,2.65,2.42,2.21,2.01,1.83,1.68,1.54,1.42,1.31,1.21,1.12,1.04,0.97,0.9,0.84,0.8,0.75,0.71,0.68,0.64,0.6,0.56,0.52,0.48,0.45,0.43,0.41,0.4,0.38,0.37,0.36,0.35,0.34,0.33,0.33,0.32
South Sudan,,,,,,,,,,,,,,,,,,,,,29.06,28.7,28.37,28.03,27.65,27.25,26.83,26.42,25.98,25.49,25.02,24.54,24,23.44,22.81,22.13,21.42,20.67,19.85,19.02,18.12,17.19,16.29,15.45,14.62,13.86,13.13,12.46,11.84,11.24,10.68,10.19,9.85,9.68,9.63,9.62,9.62,9.62,9.62,9.62
Spain,,,,,,,,,,,,,,,2.36,2.18,2.02,1.87,1.73,1.6,1.49,1.38,1.3,1.23,1.17,1.12,1.07,1.03,0.99,0.95,0.91,0.87,0.83,0.78,0.74,0.69,0.65,0.61,0.59,0.56,0.54,0.53,0.51,0.5,0.49,0.47,0.45,0.44,0.42,0.4,0.38,0.37,0.36,0.35,0.34,0.33,0.32,0.32,0.32,0.31
Sri Lanka,9.4,8.98,8.69,8.48,8.28,8.07,7.82,7.54,7.31,7.14,7.01,6.92,6.85,6.75,6.6,6.39,6.11,5.76,5.37,4.98,4.62,4.3,4.01,3.69,3.35,3.01,2.7,2.46,2.29,2.22,2.19,2.18,2.16,2.12,2.07,2,1.93,1.86,1.79,1.72,1.65,1.6,1.55,1.51,2.91,1.42,1.35,1.29,1.24,1.2,1.16,1.12,1.06,1,0.93,0.87,0.82,0.78,0.74,0.71
Sub-Saharan Africa,,,,,,,,,,,,,,,,,,,,,,,,,,,,,,,17.85,17.69,17.53,17.37,17.29,17.01,16.66,16.36,16,15.54,15.06,14.54,14,13.46,12.93,12.41,11.92,11.44,10.98,10.53,10.12,9.75,9.41,9.1,8.83,8.57,8.3,8.06,7.81,7.58
Sub-Saharan Africa (IDA & IBRD),,,,,,,,,,,,,,,,,,,,,,,,,,,,,,,17.82368569,17.66588406,17.50792603,17.34886027,17.25844697,16.98527805,16.64414211,16.34290344,15.99050751,15.53414429,15.0477955,14.53530454,13.99484729,13.45345284,12.91920942,12.4020778,11.91497094,11.43242121,10.97142019,10.5259047,10.1199229,9.744493719,9.406227854,9.095032349,8.822931973,8.563006657,8.298713148,8.05502515,7.807412136,7.573992195
Sub-Saharan Africa (excluding high income),,,,,,,,,,,,,,,,,,,,,,,,,,,,,,,17.82488934,17.66704188,17.50903725,17.34992338,17.2594658,16.98624433,16.64505679,16.34377507,15.99134153,15.53494143,15.04855941,14.53603751,13.99554903,13.4541224,12.91984615,12.40268048,11.91553901,11.43295398,10.97191784,10.52636817,10.12035475,9.744896772,9.406605513,9.095387224,8.823267657,8.563324144,8.29901371,8.055309717,7.807680767,7.574245595
Sudan,17.6,17.31,17.04,16.79,16.56,16.34,16.14,15.97,15.82,15.69,15.58,15.49,15.4,15.31,15.22,15.12,15.01,14.89,14.78,14.67,14.58,14.48,14.38,14.27,14.15,14.01,13.85,13.68,13.48,13.27,13.06,12.84,12.61,12.37,12.13,11.87,11.6,11.31,11.01,10.69,10.35,10.02,9.68,9.36,9.04,8.76,8.48,8.22,7.98,7.76,7.54,7.34,7.15,6.96,6.77,6.59,6.41,6.22,6.03,5.84
Suriname,,,,,,,,,,,,,,,,,,,,,,,,5.69,5.5,5.32,5.14,4.97,4.81,4.65,4.5,4.35,4.19,4.05,3.9,3.75,3.61,3.48,3.35,3.23,3.12,3.01,2.9,2.81,2.72,2.65,2.57,2.5,2.43,2.37,2.31,2.25,2.19,2.13,2.08,2.02,1.96,1.91,1.85,1.8
Sweden,1.96,1.92,1.86,1.79,1.71,1.63,1.55,1.49,1.44,1.39,1.34,1.29,1.23,1.16,1.09,1.03,0.98,0.94,0.9,0.87,0.84,0.82,0.8,0.78,0.77,0.76,0.75,0.74,0.73,0.72,0.7,0.66,0.62,0.57,0.52,0.48,0.45,0.43,0.42,0.41,0.41,0.41,0.4,0.39,0.37,0.36,0.35,0.33,0.32,0.31,0.31,0.3,0.3,0.29,0.29,0.29,0.28,0.27,0.27,0.26
Switzerland,2.65,2.6,2.54,2.46,2.36,2.26,2.16,2.07,1.99,1.92,1.84,1.76,1.67,1.58,1.48,1.38,1.29,1.21,1.14,1.08,1.04,1,0.97,0.94,0.92,0.9,0.89,0.88,0.86,0.84,0.82,0.79,0.75,0.71,0.67,0.64,0.61,0.6,0.58,0.57,0.56,0.55,0.54,0.53,0.52,0.51,0.49,0.48,0.47,0.46,0.46,0.45,0.44,0.44,0.44,0.43,0.42,0.42,0.41,0.4
Syria,17.03,16.17,15.41,14.72,14.09,13.48,12.87,12.25,11.63,11.01,10.41,9.84,9.31,8.81,8.35,7.91,7.49,7.08,6.68,6.3,5.94,5.6,5.3,5.02,4.77,4.53,4.32,4.14,3.96,3.81,3.66,3.51,3.36,3.21,3.06,2.91,2.77,2.64,2.52,2.41,2.31,2.22,2.14,2.08,2.02,1.98,1.94,1.92,1.9,1.9,1.9,1.94,2.18,2.31,2.39,2.32,2.33,2.3,2.21,2.15
Tajikistan,,,,,,,,,,,,,15.47,14.92,14.43,14,13.62,13.32,13.1,12.97,12.91,12.87,12.79,12.63,12.33,11.93,11.43,10.91,10.48,10.22,10.19,10.48,10.94,11.3,11.36,11.15,10.75,10.23,9.63,9,8.36,7.72,7.11,6.54,6.04,5.58,5.2,4.89,4.64,4.45,4.29,4.16,4.06,3.96,3.87,3.77,3.68,3.58,3.48,3.38
Tanzania,24.12,23.91,23.71,23.45,23.2,22.91,22.6,22.27,21.94,21.63,21.29,20.95,20.61,20.23,19.84,19.43,19.01,18.61,18.24,17.93,17.75,17.68,17.67,17.69,17.69,17.63,17.47,17.26,17.02,16.75,16.51,16.31,16.13,15.95,15.74,15.5,15.18,14.76,14.24,13.61,12.88,12.11,11.33,10.61,9.96,9.37,8.86,8.38,7.97,7.55,7.19,6.84,6.53,6.26,5.99,5.79,5.58,5.38,5.18,5.03
Thailand,14.64,14.13,13.63,13.13,12.65,12.18,11.72,11.25,10.78,10.31,9.85,9.39,8.95,8.51,8.1,7.71,7.34,6.99,6.66,6.35,6.06,5.78,5.51,5.26,5.02,4.78,4.56,4.33,4.11,3.9,3.69,3.5,3.31,3.14,2.98,2.83,2.69,2.55,2.43,2.31,2.2,2.09,1.99,1.9,1.81,1.72,1.64,1.56,1.49,1.42,1.36,1.3,1.24,1.18,1.13,1.08,1.03,0.99,0.94,0.9
Timor,,,,,,,,,,,,,,,,,,,,,,,,,,22.11,21.08,20.11,19.18,18.3,17.47,16.68,15.94,15.22,14.52,13.85,13.2,12.57,11.97,11.38,10.81,10.25,9.7,9.16,8.63,8.13,7.65,7.21,6.82,6.48,6.18,5.91,5.68,5.45,5.26,5.08,4.9,4.73,4.56,4.42
Togo,26.88,26.42,25.97,25.52,25.05,24.59,24.14,23.66,23.19,22.71,22.23,21.75,21.27,20.8,20.32,19.86,19.4,18.94,18.49,18.05,17.64,17.23,16.84,16.47,16.12,15.79,15.48,15.19,14.92,14.68,14.45,14.24,14.02,13.81,13.57,13.32,13.04,12.75,12.44,12.12,11.79,11.45,11.13,10.81,10.49,10.19,9.9,9.61,9.33,9.06,8.8,8.54,8.29,8.05,7.81,7.58,7.35,7.13,6.91,6.69
Tonga,,,,7.9,7.41,6.95,6.51,6.08,5.67,5.28,4.93,4.61,4.33,4.08,3.87,3.68,3.5,3.34,3.19,3.06,2.94,2.84,2.76,2.68,2.62,2.57,2.51,2.45,2.38,2.3,2.22,2.14,2.07,2.01,1.96,1.93,1.9,1.88,1.86,1.83,1.8,1.77,1.74,1.72,1.71,1.7,1.69,1.69,1.69,1.69,1.68,1.68,1.68,1.68,1.68,1.68,1.68,1.68,1.68,1.66
Trinidad and Tobago,6.76,6.52,6.3,6.09,5.91,5.75,5.6,5.47,5.36,5.25,5.14,5.04,4.93,4.82,4.71,4.58,4.45,4.32,4.19,4.06,3.93,3.81,3.69,3.58,3.48,3.38,3.3,3.22,3.15,3.09,3.04,2.99,2.95,2.92,2.89,2.87,2.85,2.84,2.83,2.82,2.82,2.8,2.78,2.73,2.68,2.63,2.56,2.5,2.43,2.36,2.29,2.22,2.15,2.08,2.03,1.97,1.91,1.86,1.81,1.75
Tunisia,,,26.97,25.72,24.53,23.37,22.21,21.06,19.96,18.89,17.9,16.96,16.05,15.15,14.27,13.38,12.52,11.67,10.88,10.17,9.52,8.94,8.41,7.93,7.48,7.07,6.69,6.35,6.05,5.78,5.53,5.29,5.05,4.81,4.55,4.28,4,3.73,3.46,3.21,2.99,2.78,2.61,2.45,2.32,2.2,2.1,2.02,1.94,1.89,1.84,1.8,1.77,1.75,1.73,1.72,1.71,1.71,1.7,1.69
Turkey,25.72,24.96,24.17,23.38,22.6,21.87,21.17,20.53,19.92,19.33,18.76,18.2,17.63,17.05,16.45,15.84,15.23,14.63,14.02,13.41,12.79,12.18,11.57,10.98,10.4,9.84,9.3,8.78,8.29,7.83,7.39,6.97,6.57,6.18,5.81,5.46,5.12,4.78,4.46,4.16,3.86,3.59,3.33,3.08,2.86,2.65,2.45,2.27,2.11,1.96,1.82,1.7,1.58,1.48,1.38,1.3,1.21,1.14,1.07,1
Turkmenistan,,,,,,,,,,,,,,,,,,13.28,12.82,12.36,11.89,11.42,10.96,10.49,10.01,9.56,9.14,8.75,8.42,8.16,7.98,7.89,7.88,7.92,7.97,8.01,7.96,7.83,7.62,7.32,6.98,6.6,6.22,5.86,5.52,5.21,4.93,4.71,4.53,4.38,4.28,4.21,4.17,4.16,4.17,4.19,4.22,4.25,4.24,4.2
Tuvalu,,,,,,,,,,,,,,,,8.05,7.7,7.36,7.06,6.78,6.53,6.31,6.11,5.94,5.8,5.68,5.6,5.51,5.45,5.38,5.31,5.23,5.14,5.04,4.92,4.79,4.66,4.52,4.38,4.24,4.11,3.99,3.89,3.79,3.71,3.63,3.55,3.47,3.38,3.28,3.18,3.09,3,2.9,2.82,2.72,2.64,2.55,2.47,2.39
Uganda,22.24,21.84,21.46,21.09,20.72,20.39,20.04,19.71,19.42,19.2,19.1,19.08,19.16,19.34,19.64,20.02,20.47,20.93,21.34,21.62,21.8,21.65,21.22,20.64,20.07,19.62,19.29,19.05,18.84,18.56,18.21,17.79,17.38,17.01,16.72,16.51,16.29,16.03,15.68,15.22,14.63,13.93,13.17,12.36,11.54,10.74,10.02,9.35,8.75,8.21,7.7,7.25,6.76,6.33,5.94,5.61,5.28,5.02,4.8,4.58
Ukraine,,,,,,,,,,,,3.38,3.27,3.16,3.06,2.98,2.91,2.86,2.8,2.75,2.68,2.6,2.51,2.42,2.32,2.23,2.14,2.07,2.01,1.96,1.94,1.93,1.94,1.97,2,2.02,2.03,2.01,1.97,1.91,1.83,1.75,1.67,1.59,1.52,1.45,1.39,1.34,1.29,1.23,1.17,1.12,1.07,1.02,0.98,0.95,0.92,0.89,0.86,0.84
United Arab Emirates,20.04,19.03,18.03,17.01,15.96,14.91,13.84,12.78,11.73,10.7,9.72,8.82,7.99,7.22,6.52,5.89,5.31,4.79,4.31,3.88,3.5,3.17,2.88,2.64,2.43,2.26,2.11,1.98,1.86,1.75,1.66,1.57,1.49,1.43,1.37,1.32,1.27,1.23,1.19,1.15,1.12,1.09,1.06,1.03,1,0.97,0.94,0.92,0.89,0.87,0.85,0.83,0.81,0.8,0.79,0.78,0.78,0.77,0.76,0.75
United Kingdom,2.66,2.61,2.56,2.49,2.42,2.34,2.28,2.22,2.18,2.14,2.1,2.06,2,1.94,1.87,1.8,1.72,1.64,1.57,1.49,1.41,1.34,1.27,1.22,1.17,1.14,1.11,1.08,1.04,0.99,0.93,0.87,0.82,0.77,0.74,0.72,0.7,0.69,0.68,0.67,0.65,0.64,0.63,0.62,0.61,0.6,0.59,0.58,0.56,0.54,0.52,0.5,0.48,0.47,0.45,0.45,0.44,0.44,0.43,0.43
United States,3.01,2.95,2.89,2.83,2.77,2.71,2.64,2.57,2.49,2.41,2.32,2.24,2.15,2.06,1.97,1.88,1.79,1.71,1.63,1.56,1.5,1.44,1.39,1.34,1.3,1.27,1.24,1.21,1.19,1.16,1.12,1.09,1.05,1.01,0.98,0.95,0.92,0.89,0.88,0.86,0.84,0.83,0.82,0.81,0.81,0.8,0.79,0.77,0.76,0.75,0.73,0.72,0.71,0.7,0.69,0.68,0.67,0.67,0.66,0.65
Upper middle income,,,,,,,,,,,,,,,,,,,,,,,,,,,,,,,5.47,5.33,5.18,5.01,4.83,4.65,4.46,4.27,4.08,3.89,3.69,3.5,3.3,3.11,3.01,2.77,2.61,2.46,2.32,2.18,2.05,1.93,1.83,1.74,1.66,1.58,1.52,1.45,1.39,1.33
Uruguay,6.35,6.22,6.07,5.93,5.83,5.77,5.74,5.7,5.63,5.51,5.39,5.33,5.33,5.4,5.49,5.53,5.44,5.21,4.84,4.4,3.97,3.59,3.29,3.09,2.95,2.85,2.74,2.62,2.5,2.39,2.29,2.22,2.17,2.13,2.09,2.05,1.99,1.91,1.83,1.76,1.7,1.65,1.62,1.57,1.51,1.43,1.35,1.26,1.19,1.12,1.07,1.03,0.99,0.96,0.92,0.88,0.84,0.8,0.75,0.71
Uzbekistan,,,,,,,,,,,,,,,,,,,,12.57,11.77,11,10.29,9.66,9.09,8.59,8.15,7.79,7.52,7.33,7.23,7.2,7.19,7.16,7.1,7.03,6.94,6.81,6.65,6.44,6.2,5.92,5.61,5.31,5.01,4.71,4.42,4.13,3.85,3.59,3.33,3.09,2.86,2.66,2.46,2.28,2.11,1.96,1.84,1.74
Vanuatu,15.32,14.95,14.53,14.11,13.64,13.17,12.69,12.21,11.73,11.28,10.82,10.38,9.96,9.56,9.17,8.8,8.44,8.08,7.7,7.29,6.86,6.44,6,5.56,5.15,4.77,4.44,4.16,3.91,3.7,3.53,3.37,3.24,3.13,3.04,2.97,2.92,3.34,2.86,2.84,2.83,2.82,2.82,2.82,2.83,2.85,2.87,2.89,2.91,2.94,2.96,2.97,2.98,2.96,2.92,2.87,2.8,2.73,2.66,2.59
Venezuela,7.92,7.66,7.44,7.25,7.08,6.94,6.8,6.67,6.53,6.38,6.22,6.04,5.86,5.68,5.51,5.34,5.16,4.97,4.78,4.58,4.39,4.2,4.03,3.88,3.74,3.61,3.48,3.35,3.21,3.08,2.95,2.85,2.78,2.72,2.67,2.62,2.55,2.45,2.35,2.76,2.16,2.09,2.03,1.98,1.91,1.85,1.79,1.74,1.72,1.7,1.71,1.72,1.73,1.76,1.8,1.91,2.42,2.42,2.42,2.42
Vietnam,,,,,8.63,8.56,8.5,8.43,8.37,8.29,8.21,8.13,8.03,7.91,7.79,7.66,7.51,7.34,7.17,7.01,6.85,6.69,6.54,6.41,6.27,6.13,5.97,5.79,5.59,5.36,5.13,4.88,4.63,4.37,4.13,3.89,3.67,3.47,3.28,3.12,2.97,2.85,2.73,2.64,2.56,2.49,2.43,2.39,2.35,2.31,2.29,2.26,2.23,2.21,2.18,2.15,2.12,2.08,2.04,1.99
World,,,,,,,,,,,,,,,,,,,,,,,,,,,,,,,9.3,9.17,9.05,8.93,8.81,8.65,8.46,8.27,8.07,7.83,7.58,7.32,7.05,6.78,6.54,6.26,6.01,5.77,5.55,5.31,5.12,4.9,4.72,4.55,4.4,4.26,4.13,4,3.88,3.77
Yemen,,,40.98,40.25,39.45,38.54,37.51,36.38,35.16,33.92,32.67,31.49,30.33,29.23,28.14,27,25.81,24.57,23.31,22.03,20.76,19.51,18.33,17.22,16.22,15.35,14.62,14,13.47,13,12.58,12.22,11.9,11.62,11.38,11.16,10.93,10.67,10.32,9.92,9.48,9.01,8.53,8.07,7.64,7.23,6.83,6.45,6.1,5.79,5.6,5.52,5.5,5.5,5.52,5.71,5.68,5.7,5.85,5.84
Zambia,20.48,20.12,19.78,19.48,19.22,19.03,18.88,18.76,18.59,18.34,17.99,17.53,17.01,16.5,16.05,15.71,15.52,15.45,15.47,15.53,15.62,15.7,15.82,16.02,16.32,16.67,17.04,17.38,17.66,17.84,17.95,17.97,17.93,17.77,17.53,17.22,16.91,16.6,16.26,15.82,15.21,14.36,13.39,12.42,11.48,10.63,9.9,9.36,8.89,8.4,7.96,7.72,7.51,7.25,6.98,6.85,6.65,6.43,6.33,6.17
Zimbabwe,15.11,14.69,14.26,13.82,13.36,12.9,12.5,12.14,11.85,11.63,11.46,11.35,11.28,11.23,11.21,11.23,11.23,11.24,11.17,11,10.72,10.3,9.78,9.2,8.62,8.1,7.69,7.45,7.35,7.43,7.66,7.98,8.38,8.78,9.14,9.44,9.62,9.65,9.56,9.41,9.27,9.13,9.07,9.06,9.13,9.22,9.43,9.53,9.46,9.21,8.76,8.14,7.38,6.78,6.44,6.2,5.95,5.82,5.59,5.46